ID_img,count_region,region_shape
3436.JPG,0.0,0.0
3437.JPG,0.0,0.0
3438.JPG,0.0,0.0
3439.JPG,0.0,0.0
3440.JPG,0.0,0.0
3441.JPG,0.0,0.0
3442.JPG,0.0,0.0
3443.JPG,0.0,0.0
3444.jpg,1.0,"['{""cx"":2259,""cy"":391,""r"":64}']"
3445.JPG,0.0,0.0
3446.JPG,0.0,0.0
3447.JPG,0.0,0.0
3448.JPG,0.0,0.0
3449.JPG,0.0,0.0
3450.JPG,0.0,0.0
3451.JPG,0.0,0.0
3452.JPG,0.0,0.0
3453.JPG,0.0,0.0
3454.JPG,0.0,0.0
3455.JPG,0.0,0.0
3456.JPG,0.0,0.0
3457.JPG,0.0,0.0
3458.JPG,0.0,0.0
3459.JPG,0.0,0.0
3460.JPG,0.0,0.0
3461.JPG,0.0,0.0
3462.JPG,0.0,0.0
3463.JPG,0.0,0.0
3464.JPG,0.0,0.0
3465.JPG,0.0,0.0
3466.JPG,0.0,0.0
3467.JPG,0.0,0.0
3468.JPG,0.0,0.0
3469.JPG,0.0,0.0
3470.JPG,0.0,0.0
3471.JPG,0.0,0.0
3472.JPG,0.0,0.0
3473.jpg,0.0,0.0
3474.JPG,0.0,0.0
3475.JPG,0.0,0.0
3476.JPG,0.0,0.0
3477.JPG,0.0,0.0
3478.JPG,0.0,0.0
3479.JPG,0.0,0.0
3480.JPG,0.0,0.0
3481.JPG,0.0,0.0
3482.JPG,0.0,0.0
3483.JPG,0.0,0.0
3484.JPG,0.0,0.0
3485.JPG,0.0,0.0
3486.JPG,0.0,0.0
3487.JPG,0.0,0.0
3488.JPG,0.0,0.0
3489.JPG,0.0,0.0
3490.JPG,0.0,0.0
3491.JPG,0.0,0.0
3492.JPG,0.0,0.0
3493.JPG,0.0,0.0
3494.JPG,0.0,0.0
3495.JPG,0.0,0.0
3496.JPG,0.0,0.0
3497.JPG,0.0,0.0
3498.JPG,0.0,0.0
3499.JPG,0.0,0.0
3500.JPG,0.0,0.0
3501.JPG,0.0,0.0
3502.JPG,0.0,0.0
3503.JPG,0.0,0.0
3504.JPG,0.0,0.0
3505.JPG,0.0,0.0
3506.JPG,0.0,0.0
3507.JPG,0.0,0.0
3508.JPG,0.0,0.0
3509.JPG,0.0,0.0
3510.JPG,0.0,0.0
3511.JPG,0.0,0.0
3512.JPG,0.0,0.0
3513.JPG,0.0,0.0
3514.JPG,0.0,0.0
3515.JPG,0.0,0.0
3516.JPG,0.0,0.0
3517.JPG,0.0,0.0
3518.JPG,0.0,0.0
3519.JPG,0.0,0.0
3520.JPG,0.0,0.0
3521.JPG,0.0,0.0
3522.JPG,0.0,0.0
3523.JPG,0.0,0.0
3524.JPG,0.0,0.0
3525.JPG,0.0,0.0
3526.JPG,0.0,0.0
3527.JPG,0.0,0.0
3528.JPG,0.0,0.0
3529.JPG,0.0,0.0
3530.JPG,0.0,0.0
3531.JPG,0.0,0.0
3532.JPG,0.0,0.0
3533.JPG,0.0,0.0
3534.JPG,0.0,0.0
3535.JPG,0.0,0.0
3536.JPG,0.0,0.0
3537.JPG,0.0,0.0
3538.JPG,0.0,0.0
3539.JPG,0.0,0.0
3540.JPG,0.0,0.0
3541.JPG,0.0,0.0
3542.JPG,0.0,0.0
3543.JPG,0.0,0.0
3544.JPG,0.0,0.0
3545.JPG,0.0,0.0
3546.JPG,0.0,0.0
3547.JPG,0.0,0.0
3548.JPG,0.0,0.0
3549.JPG,0.0,0.0
3550.JPG,0.0,0.0
3551.JPG,0.0,0.0
3552.JPG,0.0,0.0
3553.JPG,0.0,0.0
3554.JPG,0.0,0.0
3555.JPG,0.0,0.0
3556.JPG,0.0,0.0
3557.JPG,0.0,0.0
3558.JPG,0.0,0.0
3559.JPG,0.0,0.0
3560.JPG,0.0,0.0
3561.JPG,0.0,0.0
3562.JPG,0.0,0.0
3563.JPG,0.0,0.0
3564.JPG,0.0,0.0
3565.JPG,0.0,0.0
3566.JPG,0.0,0.0
3567.JPG,0.0,0.0
3568.JPG,0.0,0.0
3569.JPG,0.0,0.0
3570.JPG,0.0,0.0
3571.JPG,0.0,0.0
3572.JPG,0.0,0.0
3573.JPG,0.0,0.0
3574.JPG,0.0,0.0
3575.JPG,0.0,0.0
3576.JPG,0.0,0.0
3577.JPG,0.0,0.0
3578.JPG,0.0,0.0
3579.JPG,0.0,0.0
3580.JPG,0.0,0.0
3581.JPG,0.0,0.0
3582.JPG,0.0,0.0
3583.JPG,0.0,0.0
3584.JPG,0.0,0.0
3585.JPG,0.0,0.0
3586.JPG,0.0,0.0
3587.JPG,0.0,0.0
3588.JPG,0.0,0.0
3589.JPG,0.0,0.0
3590.JPG,0.0,0.0
3591.JPG,0.0,0.0
3592.JPG,0.0,0.0
3593.JPG,0.0,0.0
3594.JPG,0.0,0.0
3595.JPG,0.0,0.0
3596.JPG,0.0,0.0
3597.JPG,0.0,0.0
3598.JPG,0.0,0.0
3599.JPG,0.0,0.0
3600.JPG,0.0,0.0
3601.JPG,0.0,0.0
3602.JPG,0.0,0.0
3603.JPG,0.0,0.0
3604.JPG,0.0,0.0
3605.JPG,0.0,0.0
3606.JPG,0.0,0.0
3607.JPG,0.0,0.0
3608.JPG,0.0,0.0
3609.JPG,0.0,0.0
3610.JPG,0.0,0.0
3611.JPG,0.0,0.0
3612.JPG,0.0,0.0
3613.JPG,0.0,0.0
3614.JPG,0.0,0.0
3615.JPG,0.0,0.0
3616.JPG,0.0,0.0
3617.JPG,0.0,0.0
3618.JPG,0.0,0.0
3619.JPG,0.0,0.0
3620.JPG,0.0,0.0
3621.JPG,0.0,0.0
3622.JPG,0.0,0.0
3623.JPG,0.0,0.0
3624.JPG,0.0,0.0
3625.JPG,0.0,0.0
3626.JPG,0.0,0.0
3627.JPG,0.0,0.0
3628.JPG,0.0,0.0
3629.JPG,0.0,0.0
3630.JPG,0.0,0.0
3631.jpg,0.0,0.0
3632.JPG,0.0,0.0
3633.JPG,0.0,0.0
3634.JPG,0.0,0.0
3635.JPG,0.0,0.0
3636.JPG,0.0,0.0
3637.JPG,0.0,0.0
3638.JPG,0.0,0.0
3639.JPG,0.0,0.0
3640.JPG,0.0,0.0
3641.JPG,0.0,0.0
3642.JPG,0.0,0.0
3643.JPG,0.0,0.0
3644.JPG,0.0,0.0
3645.JPG,0.0,0.0
3646.JPG,0.0,0.0
3647.JPG,0.0,0.0
3648.JPG,0.0,0.0
3649.JPG,0.0,0.0
3650.JPG,0.0,0.0
3651.JPG,0.0,0.0
3652.JPG,0.0,0.0
3653.JPG,1.0,"['{""cx"":2719,""cy"":2097,""r"":75}']"
3654.JPG,0.0,0.0
3655.JPG,0.0,0.0
3656.JPG,0.0,0.0
3657.JPG,0.0,0.0
3658.JPG,0.0,0.0
3659.JPG,0.0,0.0
3660.JPG,0.0,0.0
3661.JPG,0.0,0.0
3662.JPG,0.0,0.0
3663.JPG,0.0,0.0
3664.JPG,0.0,0.0
3665.JPG,0.0,0.0
3666.JPG,0.0,0.0
3667.JPG,0.0,0.0
3668.JPG,0.0,0.0
3669.JPG,0.0,0.0
3670.JPG,0.0,0.0
3671.JPG,0.0,0.0
3672.JPG,0.0,0.0
3673.JPG,0.0,0.0
3674.JPG,0.0,0.0
3675.JPG,0.0,0.0
3676.JPG,0.0,0.0
3677.JPG,0.0,0.0
3678.JPG,0.0,0.0
3679.JPG,0.0,0.0
3680.JPG,0.0,0.0
3681.JPG,0.0,0.0
3682.JPG,0.0,0.0
3683.JPG,0.0,0.0
3684.JPG,0.0,0.0
3685.JPG,0.0,0.0
3686.JPG,0.0,0.0
3687.JPG,0.0,0.0
3688.JPG,0.0,0.0
3689.JPG,0.0,0.0
3690.JPG,1.0,"['{""cx"":2914,""cy"":1693,""r"":90}']"
3691.JPG,0.0,0.0
3692.JPG,0.0,0.0
3693.JPG,0.0,0.0
3694.JPG,0.0,0.0
3695.JPG,0.0,0.0
3696.JPG,0.0,0.0
3697.JPG,0.0,0.0
3698.JPG,0.0,0.0
3699.JPG,0.0,0.0
3700.JPG,0.0,0.0
3701.JPG,0.0,0.0
3702.JPG,0.0,0.0
3703.JPG,0.0,0.0
3704.JPG,0.0,0.0
3705.JPG,0.0,0.0
3706.JPG,0.0,0.0
3707.JPG,0.0,0.0
3708.JPG,0.0,0.0
3709.JPG,0.0,0.0
3710.JPG,0.0,0.0
3711.JPG,0.0,0.0
3712.JPG,0.0,0.0
3713.JPG,0.0,0.0
3714.JPG,0.0,0.0
3715.JPG,0.0,0.0
3716.JPG,0.0,0.0
3717.JPG,0.0,0.0
3718.JPG,0.0,0.0
3719.JPG,0.0,0.0
3720.JPG,0.0,0.0
3721.JPG,0.0,0.0
3722.JPG,0.0,0.0
3723.JPG,0.0,0.0
3724.JPG,0.0,0.0
3725.JPG,0.0,0.0
3726.JPG,0.0,0.0
3727.jpg,0.0,0.0
3728.JPG,0.0,0.0
3729.JPG,0.0,0.0
3730.JPG,0.0,0.0
3731.JPG,0.0,0.0
3732.JPG,0.0,0.0
3733.JPG,0.0,0.0
3734.JPG,0.0,0.0
3735.JPG,0.0,0.0
3736.JPG,0.0,0.0
3737.jpg,0.0,0.0
3738.JPG,0.0,0.0
3739.JPG,0.0,0.0
3740.JPG,0.0,0.0
3741.JPG,0.0,0.0
3742.JPG,0.0,0.0
3743.JPG,0.0,0.0
3744.JPG,0.0,0.0
3745.JPG,0.0,0.0
3746.JPG,0.0,0.0
3747.JPG,0.0,0.0
3748.JPG,0.0,0.0
3749.JPG,0.0,0.0
3750.JPG,0.0,0.0
3751.JPG,0.0,0.0
3752.JPG,0.0,0.0
3753.JPG,0.0,0.0
3754.JPG,0.0,0.0
3755.JPG,0.0,0.0
3756.JPG,0.0,0.0
3757.JPG,0.0,0.0
3758.JPG,0.0,0.0
3759.JPG,0.0,0.0
3760.JPG,0.0,0.0
3761.JPG,0.0,0.0
3762.JPG,0.0,0.0
3763.JPG,0.0,0.0
3764.JPG,0.0,0.0
3765.JPG,0.0,0.0
3766.JPG,0.0,0.0
3767.JPG,0.0,0.0
3768.JPG,0.0,0.0
3769.JPG,0.0,0.0
3770.JPG,0.0,0.0
3771.JPG,0.0,0.0
3772.JPG,0.0,0.0
3773.JPG,0.0,0.0
3774.JPG,0.0,0.0
3775.JPG,0.0,0.0
3776.JPG,0.0,0.0
3777.JPG,0.0,0.0
3778.JPG,0.0,0.0
3779.JPG,0.0,0.0
3780.JPG,0.0,0.0
3781.JPG,0.0,0.0
3782.JPG,0.0,0.0
3783.JPG,0.0,0.0
3784.JPG,0.0,0.0
3785.JPG,0.0,0.0
3786.JPG,0.0,0.0
3787.JPG,0.0,0.0
3788.JPG,0.0,0.0
3789.JPG,0.0,0.0
3790.JPG,0.0,0.0
3791.JPG,0.0,0.0
3792.JPG,0.0,0.0
3793.JPG,0.0,0.0
3794.JPG,0.0,0.0
3795.JPG,0.0,0.0
3796.JPG,0.0,0.0
3797.JPG,0.0,0.0
3798.JPG,0.0,0.0
3799.JPG,0.0,0.0
3800.JPG,0.0,0.0
3801.JPG,0.0,0.0
3802.JPG,0.0,0.0
3803.JPG,0.0,0.0
3804.JPG,0.0,0.0
3805.JPG,0.0,0.0
3806.JPG,0.0,0.0
3807.JPG,0.0,0.0
3808.JPG,0.0,0.0
3809.JPG,0.0,0.0
3810.JPG,0.0,0.0
3811.JPG,0.0,0.0
3812.jpg,0.0,0.0
3813.JPG,0.0,0.0
3814.JPG,0.0,0.0
3815.JPG,0.0,0.0
3816.JPG,0.0,0.0
3817.JPG,0.0,0.0
3818.JPG,0.0,0.0
3819.JPG,0.0,0.0
3820.JPG,0.0,0.0
3821.JPG,0.0,0.0
3822.JPG,0.0,0.0
3823.JPG,0.0,0.0
3824.JPG,0.0,0.0
3825.JPG,0.0,0.0
3826.JPG,0.0,0.0
3827.JPG,0.0,0.0
3828.JPG,0.0,0.0
3829.JPG,0.0,0.0
3830.JPG,0.0,0.0
3831.JPG,0.0,0.0
3832.JPG,0.0,0.0
3833.JPG,0.0,0.0
3834.JPG,0.0,0.0
3835.JPG,2.0,"['{""cx"":2549,""cy"":2329,""r"":80}', '{""cx"":2437,""cy"":2321,""r"":74}']"
3836.JPG,0.0,0.0
3837.JPG,0.0,0.0
3838.JPG,0.0,0.0
3839.JPG,0.0,0.0
3840.JPG,0.0,0.0
3841.JPG,0.0,0.0
3842.JPG,0.0,0.0
3843.JPG,0.0,0.0
3844.JPG,0.0,0.0
3845.JPG,0.0,0.0
3846.JPG,0.0,0.0
3847.JPG,0.0,0.0
3848.JPG,0.0,0.0
3849.JPG,0.0,0.0
3850.JPG,0.0,0.0
3851.JPG,0.0,0.0
3852.JPG,0.0,0.0
3853.JPG,0.0,0.0
3854.JPG,0.0,0.0
3855.JPG,0.0,0.0
3856.JPG,0.0,0.0
3857.jpg,0.0,0.0
3858.JPG,0.0,0.0
3859.JPG,0.0,0.0
3860.JPG,0.0,0.0
3861.JPG,0.0,0.0
3862.JPG,0.0,0.0
3863.JPG,0.0,0.0
3864.JPG,0.0,0.0
3865.JPG,0.0,0.0
3866.JPG,0.0,0.0
3867.JPG,0.0,0.0
3868.JPG,0.0,0.0
3869.JPG,0.0,0.0
3870.JPG,0.0,0.0
3871.JPG,0.0,0.0
3872.JPG,0.0,0.0
3873.JPG,0.0,0.0
3874.JPG,0.0,0.0
3875.JPG,0.0,0.0
3876.JPG,0.0,0.0
3877.JPG,0.0,0.0
3878.jpg,0.0,0.0
3879.JPG,0.0,0.0
3880.JPG,0.0,0.0
3881.JPG,0.0,0.0
3882.JPG,0.0,0.0
3883.JPG,0.0,0.0
3884.JPG,0.0,0.0
3885.JPG,0.0,0.0
3886.JPG,0.0,0.0
3887.JPG,0.0,0.0
3888.JPG,0.0,0.0
3889.jpg,0.0,0.0
3890.JPG,0.0,0.0
3891.JPG,0.0,0.0
3892.JPG,0.0,0.0
3893.JPG,0.0,0.0
3894.JPG,0.0,0.0
3895.JPG,0.0,0.0
3896.JPG,0.0,0.0
3897.JPG,0.0,0.0
3898.JPG,0.0,0.0
3899.JPG,0.0,0.0
3900.JPG,0.0,0.0
3901.JPG,0.0,0.0
3902.JPG,0.0,0.0
3903.JPG,0.0,0.0
3904.JPG,0.0,0.0
3905.JPG,0.0,0.0
3906.JPG,0.0,0.0
3907.JPG,0.0,0.0
3908.JPG,0.0,0.0
3909.JPG,0.0,0.0
3910.JPG,0.0,0.0
3911.JPG,0.0,0.0
3912.JPG,0.0,0.0
3913.JPG,0.0,0.0
3914.JPG,0.0,0.0
3915.JPG,0.0,0.0
3916.JPG,0.0,0.0
3917.JPG,0.0,0.0
3918.JPG,0.0,0.0
3919.JPG,0.0,0.0
3920.JPG,0.0,0.0
3921.JPG,0.0,0.0
3922.JPG,0.0,0.0
3923.JPG,0.0,0.0
3924.JPG,0.0,0.0
3925.JPG,0.0,0.0
3926.JPG,0.0,0.0
3927.JPG,0.0,0.0
3928.JPG,0.0,0.0
3929.JPG,0.0,0.0
3930.JPG,0.0,0.0
3931.JPG,0.0,0.0
3932.JPG,0.0,0.0
3933.JPG,0.0,0.0
3934.JPG,0.0,0.0
3935.JPG,0.0,0.0
3936.JPG,0.0,0.0
3937.JPG,0.0,0.0
3938.JPG,0.0,0.0
3939.JPG,0.0,0.0
3940.JPG,0.0,0.0
3941.JPG,0.0,0.0
3942.JPG,0.0,0.0
3943.JPG,0.0,0.0
3944.JPG,0.0,0.0
3945.JPG,0.0,0.0
3946.JPG,0.0,0.0
3947.JPG,1.0,"['{""cx"":3130,""cy"":1370,""r"":134}']"
3948.JPG,0.0,0.0
3949.JPG,0.0,0.0
3950.JPG,0.0,0.0
3951.JPG,0.0,0.0
3952.JPG,0.0,0.0
3953.JPG,0.0,0.0
3954.JPG,0.0,0.0
3955.jpg,0.0,0.0
3956.JPG,0.0,0.0
3957.JPG,0.0,0.0
3958.JPG,0.0,0.0
3959.JPG,0.0,0.0
3960.JPG,0.0,0.0
3961.JPG,0.0,0.0
3962.JPG,0.0,0.0
3963.JPG,0.0,0.0
3964.JPG,0.0,0.0
3965.JPG,0.0,0.0
3966.JPG,0.0,0.0
3967.JPG,0.0,0.0
3968.JPG,0.0,0.0
3969.JPG,0.0,0.0
3970.JPG,0.0,0.0
3971.JPG,0.0,0.0
3972.JPG,0.0,0.0
3973.JPG,0.0,0.0
3974.JPG,0.0,0.0
3975.JPG,0.0,0.0
3976.JPG,0.0,0.0
3977.JPG,0.0,0.0
3978.JPG,0.0,0.0
3979.JPG,0.0,0.0
3980.JPG,0.0,0.0
3981.JPG,0.0,0.0
3982.JPG,0.0,0.0
3983.JPG,0.0,0.0
3984.JPG,0.0,0.0
3985.JPG,0.0,0.0
3986.JPG,0.0,0.0
3987.JPG,0.0,0.0
3988.JPG,0.0,0.0
3989.JPG,0.0,0.0
3990.JPG,0.0,0.0
3991.JPG,0.0,0.0
3992.JPG,0.0,0.0
3993.JPG,0.0,0.0
3994.JPG,0.0,0.0
3995.JPG,0.0,0.0
3996.JPG,0.0,0.0
3997.JPG,0.0,0.0
3998.JPG,0.0,0.0
3999.JPG,0.0,0.0
4000.JPG,0.0,0.0
4001.JPG,0.0,0.0
4002.JPG,0.0,0.0
4003.JPG,0.0,0.0
4004.JPG,0.0,0.0
4005.JPG,0.0,0.0
4006.JPG,0.0,0.0
4007.JPG,0.0,0.0
4008.JPG,0.0,0.0
4009.JPG,0.0,0.0
4010.JPG,0.0,0.0
4011.JPG,0.0,0.0
4012.JPG,0.0,0.0
4013.JPG,0.0,0.0
4014.JPG,0.0,0.0
4015.JPG,0.0,0.0
4016.JPG,0.0,0.0
4017.JPG,0.0,0.0
4018.JPG,0.0,0.0
4019.JPG,0.0,0.0
4020.JPG,0.0,0.0
4021.JPG,0.0,0.0
4022.JPG,0.0,0.0
4023.JPG,0.0,0.0
4024.JPG,0.0,0.0
4025.JPG,0.0,0.0
4026.JPG,0.0,0.0
4027.JPG,0.0,0.0
4028.JPG,0.0,0.0
4029.JPG,0.0,0.0
4030.JPG,0.0,0.0
4031.JPG,0.0,0.0
4032.JPG,0.0,0.0
4033.JPG,0.0,0.0
4034.JPG,0.0,0.0
4035.JPG,0.0,0.0
4036.JPG,0.0,0.0
4037.JPG,0.0,0.0
4038.JPG,0.0,0.0
4039.JPG,0.0,0.0
4040.JPG,0.0,0.0
4041.JPG,0.0,0.0
4042.JPG,0.0,0.0
4043.JPG,0.0,0.0
4044.JPG,0.0,0.0
4045.JPG,0.0,0.0
4046.JPG,0.0,0.0
4047.JPG,0.0,0.0
4048.JPG,0.0,0.0
4049.JPG,0.0,0.0
4050.JPG,0.0,0.0
4051.JPG,0.0,0.0
4052.JPG,0.0,0.0
4053.JPG,0.0,0.0
4054.JPG,0.0,0.0
4055.JPG,0.0,0.0
4056.JPG,0.0,0.0
4057.JPG,0.0,0.0
4058.JPG,0.0,0.0
4059.JPG,0.0,0.0
4060.JPG,0.0,0.0
4061.JPG,0.0,0.0
4062.JPG,0.0,0.0
4063.JPG,0.0,0.0
4064.JPG,0.0,0.0
4065.JPG,0.0,0.0
4066.JPG,0.0,0.0
4067.JPG,0.0,0.0
4068.JPG,0.0,0.0
4069.JPG,0.0,0.0
4070.JPG,0.0,0.0
4071.JPG,0.0,0.0
4072.JPG,0.0,0.0
4073.JPG,0.0,0.0
4074.JPG,0.0,0.0
4075.JPG,0.0,0.0
4076.JPG,0.0,0.0
4077.JPG,0.0,0.0
4078.JPG,0.0,0.0
4079.JPG,0.0,0.0
4080.JPG,0.0,0.0
4081.JPG,0.0,0.0
4082.JPG,0.0,0.0
4083.JPG,0.0,0.0
4084.JPG,0.0,0.0
4085.JPG,0.0,0.0
4086.JPG,0.0,0.0
4087.JPG,0.0,0.0
4088.JPG,0.0,0.0
4089.JPG,0.0,0.0
4090.JPG,0.0,0.0
4091.JPG,0.0,0.0
4092.JPG,0.0,0.0
4093.JPG,0.0,0.0
4094.JPG,0.0,0.0
4095.JPG,0.0,0.0
4096.JPG,0.0,0.0
4097.JPG,0.0,0.0
4098.JPG,0.0,0.0
4099.JPG,0.0,0.0
4100.JPG,0.0,0.0
4101.JPG,0.0,0.0
4102.JPG,0.0,0.0
4103.JPG,0.0,0.0
4104.JPG,0.0,0.0
4105.JPG,0.0,0.0
4106.JPG,0.0,0.0
4107.JPG,0.0,0.0
4108.jpg,0.0,0.0
4109.JPG,0.0,0.0
4110.JPG,0.0,0.0
4111.JPG,0.0,0.0
4112.JPG,0.0,0.0
4113.JPG,0.0,0.0
4114.JPG,0.0,0.0
4115.JPG,0.0,0.0
4116.JPG,0.0,0.0
4117.JPG,0.0,0.0
4118.JPG,0.0,0.0
4119.JPG,0.0,0.0
4120.JPG,0.0,0.0
4121.JPG,0.0,0.0
4122.JPG,0.0,0.0
4123.JPG,0.0,0.0
4124.JPG,0.0,0.0
4125.JPG,0.0,0.0
4126.JPG,0.0,0.0
4127.JPG,0.0,0.0
4128.JPG,0.0,0.0
4129.JPG,0.0,0.0
4130.JPG,0.0,0.0
4131.JPG,0.0,0.0
4132.JPG,0.0,0.0
4133.JPG,0.0,0.0
4134.JPG,0.0,0.0
4135.JPG,0.0,0.0
4136.JPG,0.0,0.0
4137.JPG,0.0,0.0
4138.JPG,0.0,0.0
4139.JPG,0.0,0.0
4140.JPG,0.0,0.0
4141.JPG,0.0,0.0
4142.JPG,0.0,0.0
4143.JPG,0.0,0.0
4144.JPG,0.0,0.0
4145.JPG,0.0,0.0
4146.JPG,0.0,0.0
4147.JPG,0.0,0.0
4148.JPG,0.0,0.0
4149.JPG,0.0,0.0
4150.JPG,0.0,0.0
4151.JPG,0.0,0.0
4152.JPG,0.0,0.0
4153.jpg,1.0,"['{""cx"":3731,""cy"":3049,""r"":75}']"
4154.JPG,0.0,0.0
4155.JPG,0.0,0.0
4156.JPG,0.0,0.0
4157.JPG,0.0,0.0
4158.JPG,0.0,0.0
4159.JPG,0.0,0.0
4160.JPG,0.0,0.0
4161.JPG,0.0,0.0
4162.JPG,0.0,0.0
4163.JPG,0.0,0.0
4164.JPG,0.0,0.0
4165.JPG,0.0,0.0
4166.JPG,0.0,0.0
4167.JPG,0.0,0.0
4168.JPG,0.0,0.0
4169.JPG,0.0,0.0
4170.JPG,0.0,0.0
4171.JPG,0.0,0.0
4172.JPG,0.0,0.0
4173.JPG,0.0,0.0
4174.JPG,0.0,0.0
4175.JPG,0.0,0.0
4176.JPG,0.0,0.0
4177.JPG,0.0,0.0
4178.JPG,0.0,0.0
4179.JPG,0.0,0.0
4180.JPG,0.0,0.0
4181.JPG,0.0,0.0
4182.JPG,0.0,0.0
4183.JPG,0.0,0.0
4184.JPG,0.0,0.0
4185.JPG,0.0,0.0
4186.JPG,0.0,0.0
4187.JPG,0.0,0.0
4188.JPG,0.0,0.0
4189.JPG,0.0,0.0
4190.JPG,0.0,0.0
4191.JPG,0.0,0.0
4192.JPG,0.0,0.0
4193.JPG,0.0,0.0
4194.JPG,0.0,0.0
4195.JPG,0.0,0.0
4196.JPG,0.0,0.0
4197.JPG,0.0,0.0
4198.JPG,0.0,0.0
4199.JPG,0.0,0.0
4200.JPG,0.0,0.0
4201.JPG,0.0,0.0
4202.JPG,0.0,0.0
4203.JPG,0.0,0.0
4204.JPG,0.0,0.0
4205.JPG,0.0,0.0
4206.JPG,0.0,0.0
4207.JPG,0.0,0.0
4208.JPG,0.0,0.0
4209.JPG,0.0,0.0
4210.JPG,0.0,0.0
4211.JPG,0.0,0.0
4212.JPG,0.0,0.0
4213.JPG,0.0,0.0
4214.JPG,0.0,0.0
4215.JPG,0.0,0.0
4216.JPG,0.0,0.0
4217.JPG,0.0,0.0
4218.JPG,0.0,0.0
4219.JPG,0.0,0.0
4220.JPG,0.0,0.0
4221.JPG,0.0,0.0
4222.JPG,0.0,0.0
4223.JPG,0.0,0.0
4224.JPG,0.0,0.0
4225.JPG,0.0,0.0
4226.JPG,0.0,0.0
4227.JPG,0.0,0.0
4228.JPG,0.0,0.0
4229.JPG,0.0,0.0
4230.JPG,0.0,0.0
4231.JPG,0.0,0.0
4232.JPG,0.0,0.0
4233.JPG,0.0,0.0
4234.JPG,0.0,0.0
4235.JPG,0.0,0.0
4236.JPG,0.0,0.0
4237.JPG,0.0,0.0
4238.JPG,0.0,0.0
4239.JPG,0.0,0.0
4240.JPG,0.0,0.0
4241.JPG,0.0,0.0
4242.JPG,0.0,0.0
4243.JPG,0.0,0.0
4244.JPG,0.0,0.0
4245.JPG,0.0,0.0
4246.JPG,0.0,0.0
4247.JPG,0.0,0.0
4248.JPG,0.0,0.0
4249.JPG,0.0,0.0
4250.JPG,0.0,0.0
4251.JPG,0.0,0.0
4252.JPG,0.0,0.0
4253.JPG,0.0,0.0
4254.JPG,0.0,0.0
4255.JPG,0.0,0.0
4256.JPG,0.0,0.0
4257.JPG,0.0,0.0
4258.JPG,0.0,0.0
4259.JPG,0.0,0.0
4260.JPG,0.0,0.0
4261.JPG,0.0,0.0
4262.JPG,0.0,0.0
4263.JPG,0.0,0.0
4264.JPG,0.0,0.0
4265.JPG,0.0,0.0
4266.JPG,0.0,0.0
4267.JPG,0.0,0.0
4268.JPG,0.0,0.0
4269.JPG,6.0,"['{""cx"":3575,""cy"":1657,""r"":98}', '{""cx"":3284,""cy"":1706,""r"":81}', '{""cx"":4260,""cy"":1611,""r"":97}', '{""cx"":3350,""cy"":1632,""r"":60}', '{""cx"":3475,""cy"":1586,""r"":77}', '{""cx"":4243,""cy"":1474,""r"":87}']"
4270.JPG,0.0,0.0
4271.JPG,0.0,0.0
4272.JPG,0.0,0.0
4273.JPG,0.0,0.0
4274.JPG,0.0,0.0
4275.JPG,0.0,0.0
4276.JPG,0.0,0.0
4277.JPG,0.0,0.0
4278.JPG,0.0,0.0
4279.JPG,0.0,0.0
4280.JPG,0.0,0.0
4281.JPG,0.0,0.0
4282.JPG,0.0,0.0
4283.JPG,0.0,0.0
4284.JPG,0.0,0.0
4285.JPG,0.0,0.0
4286.JPG,0.0,0.0
4287.JPG,0.0,0.0
4288.JPG,0.0,0.0
4289.JPG,0.0,0.0
4290.JPG,0.0,0.0
4291.JPG,2.0,"['{""cx"":3467,""cy"":1740,""r"":77}', '{""cx"":3587,""cy"":1785,""r"":79}']"
4292.JPG,0.0,0.0
4293.JPG,0.0,0.0
4294.JPG,0.0,0.0
4295.JPG,0.0,0.0
4296.JPG,0.0,0.0
4297.JPG,0.0,0.0
4298.JPG,0.0,0.0
4299.JPG,0.0,0.0
4300.JPG,0.0,0.0
4301.JPG,0.0,0.0
4302.JPG,0.0,0.0
4303.JPG,0.0,0.0
4304.JPG,0.0,0.0
4305.JPG,0.0,0.0
4306.JPG,0.0,0.0
4307.JPG,0.0,0.0
4308.JPG,0.0,0.0
4309.JPG,0.0,0.0
4310.JPG,0.0,0.0
4311.JPG,0.0,0.0
4312.JPG,0.0,0.0
4313.JPG,0.0,0.0
4314.JPG,0.0,0.0
4315.JPG,0.0,0.0
4316.JPG,0.0,0.0
4317.JPG,0.0,0.0
4318.JPG,0.0,0.0
4319.JPG,0.0,0.0
4320.JPG,0.0,0.0
4321.JPG,0.0,0.0
4322.JPG,0.0,0.0
4323.JPG,0.0,0.0
4324.JPG,0.0,0.0
4325.JPG,0.0,0.0
4326.JPG,0.0,0.0
4327.JPG,0.0,0.0
4328.JPG,0.0,0.0
4329.JPG,0.0,0.0
4330.JPG,0.0,0.0
4331.JPG,0.0,0.0
4332.JPG,0.0,0.0
4333.JPG,0.0,0.0
4334.JPG,0.0,0.0
4335.JPG,0.0,0.0
4336.JPG,0.0,0.0
4337.JPG,0.0,0.0
4338.JPG,0.0,0.0
4339.JPG,0.0,0.0
4340.JPG,0.0,0.0
4341.JPG,0.0,0.0
4342.JPG,0.0,0.0
4343.JPG,0.0,0.0
4344.JPG,0.0,0.0
4345.JPG,0.0,0.0
4346.JPG,0.0,0.0
4347.JPG,0.0,0.0
4348.JPG,0.0,0.0
4349.JPG,0.0,0.0
4350.JPG,0.0,0.0
4351.JPG,0.0,0.0
4352.JPG,0.0,0.0
4353.JPG,0.0,0.0
4354.JPG,0.0,0.0
4355.JPG,0.0,0.0
4356.JPG,0.0,0.0
4357.JPG,0.0,0.0
4358.JPG,0.0,0.0
4359.JPG,0.0,0.0
4360.JPG,0.0,0.0
4361.JPG,0.0,0.0
4362.JPG,0.0,0.0
4363.JPG,0.0,0.0
4364.JPG,0.0,0.0
4365.JPG,0.0,0.0
4366.JPG,0.0,0.0
4367.JPG,0.0,0.0
4368.JPG,0.0,0.0
4369.JPG,0.0,0.0
4370.JPG,0.0,0.0
4371.JPG,0.0,0.0
4372.JPG,0.0,0.0
4373.JPG,0.0,0.0
4374.JPG,0.0,0.0
4375.JPG,0.0,0.0
4376.JPG,0.0,0.0
4377.JPG,0.0,0.0
4378.JPG,0.0,0.0
4379.JPG,0.0,0.0
4380.JPG,0.0,0.0
4381.JPG,0.0,0.0
4382.JPG,0.0,0.0
4383.JPG,0.0,0.0
4384.JPG,0.0,0.0
4385.JPG,0.0,0.0
4386.JPG,0.0,0.0
4387.JPG,0.0,0.0
4388.JPG,0.0,0.0
4389.JPG,0.0,0.0
4390.JPG,0.0,0.0
4391.JPG,0.0,0.0
4392.JPG,0.0,0.0
4393.JPG,0.0,0.0
4394.JPG,0.0,0.0
4395.JPG,0.0,0.0
4396.JPG,0.0,0.0
4397.JPG,0.0,0.0
4398.JPG,0.0,0.0
4399.JPG,0.0,0.0
4400.JPG,0.0,0.0
4401.JPG,0.0,0.0
4402.JPG,0.0,0.0
4403.JPG,0.0,0.0
4404.JPG,0.0,0.0
4405.JPG,0.0,0.0
4406.JPG,0.0,0.0
4407.JPG,0.0,0.0
4408.JPG,0.0,0.0
4409.JPG,0.0,0.0
4410.JPG,0.0,0.0
4411.JPG,0.0,0.0
4412.JPG,0.0,0.0
4413.JPG,0.0,0.0
4414.JPG,0.0,0.0
4415.JPG,0.0,0.0
4416.JPG,0.0,0.0
4417.JPG,0.0,0.0
4418.JPG,0.0,0.0
4419.JPG,0.0,0.0
4420.JPG,0.0,0.0
4421.JPG,0.0,0.0
4422.JPG,0.0,0.0
4423.JPG,0.0,0.0
4424.JPG,0.0,0.0
4425.JPG,0.0,0.0
4426.JPG,0.0,0.0
4427.JPG,0.0,0.0
4428.JPG,0.0,0.0
4429.JPG,0.0,0.0
4430.JPG,0.0,0.0
4431.JPG,0.0,0.0
4432.JPG,0.0,0.0
4433.JPG,0.0,0.0
4434.JPG,0.0,0.0
4435.JPG,0.0,0.0
4436.JPG,0.0,0.0
4437.JPG,0.0,0.0
4438.JPG,0.0,0.0
4439.JPG,0.0,0.0
4440.JPG,0.0,0.0
4441.JPG,0.0,0.0
4442.JPG,0.0,0.0
4443.JPG,0.0,0.0
4444.JPG,0.0,0.0
4445.JPG,0.0,0.0
4446.JPG,0.0,0.0
4447.JPG,0.0,0.0
4448.JPG,0.0,0.0
4449.JPG,0.0,0.0
4450.JPG,0.0,0.0
4451.JPG,0.0,0.0
4452.JPG,0.0,0.0
4453.JPG,0.0,0.0
4454.JPG,0.0,0.0
4455.JPG,0.0,0.0
4456.JPG,0.0,0.0
4457.JPG,0.0,0.0
4458.JPG,0.0,0.0
4459.JPG,0.0,0.0
4460.JPG,0.0,0.0
4461.JPG,0.0,0.0
4462.JPG,0.0,0.0
4463.JPG,0.0,0.0
4464.JPG,0.0,0.0
4465.JPG,2.0,"['{""cx"":2735,""cy"":1711,""r"":102}', '{""cx"":2430,""cy"":1926,""r"":107}']"
4466.JPG,0.0,0.0
4467.JPG,0.0,0.0
4468.JPG,0.0,0.0
4469.JPG,0.0,0.0
4470.JPG,0.0,0.0
4471.JPG,0.0,0.0
4472.JPG,0.0,0.0
4473.JPG,0.0,0.0
4474.JPG,0.0,0.0
4475.JPG,0.0,0.0
4476.JPG,0.0,0.0
4477.JPG,0.0,0.0
4478.JPG,0.0,0.0
4479.JPG,0.0,0.0
4480.JPG,0.0,0.0
4481.JPG,0.0,0.0
4482.JPG,0.0,0.0
4483.JPG,0.0,0.0
4484.JPG,0.0,0.0
4485.JPG,0.0,0.0
4486.JPG,0.0,0.0
4487.JPG,0.0,0.0
4488.JPG,0.0,0.0
4489.JPG,0.0,0.0
4490.JPG,0.0,0.0
4491.JPG,0.0,0.0
4492.JPG,0.0,0.0
4493.JPG,0.0,0.0
4494.JPG,0.0,0.0
4495.JPG,0.0,0.0
4496.JPG,0.0,0.0
4497.JPG,0.0,0.0
4498.JPG,0.0,0.0
4499.JPG,0.0,0.0
4500.JPG,0.0,0.0
4501.JPG,0.0,0.0
4502.JPG,0.0,0.0
4503.JPG,0.0,0.0
4504.JPG,0.0,0.0
4505.JPG,0.0,0.0
4506.JPG,0.0,0.0
4507.JPG,0.0,0.0
4508.JPG,0.0,0.0
4509.JPG,0.0,0.0
4510.JPG,0.0,0.0
4511.JPG,0.0,0.0
4512.JPG,0.0,0.0
4513.JPG,0.0,0.0
4514.JPG,0.0,0.0
4515.JPG,0.0,0.0
4516.JPG,0.0,0.0
4517.JPG,0.0,0.0
4518.JPG,0.0,0.0
4519.JPG,0.0,0.0
4520.JPG,0.0,0.0
4521.JPG,0.0,0.0
4522.JPG,0.0,0.0
4523.JPG,0.0,0.0
4524.JPG,0.0,0.0
4525.JPG,0.0,0.0
4526.JPG,0.0,0.0
4527.JPG,0.0,0.0
4528.JPG,0.0,0.0
4529.JPG,0.0,0.0
4530.JPG,0.0,0.0
4531.JPG,0.0,0.0
4532.JPG,0.0,0.0
4533.JPG,0.0,0.0
4534.JPG,0.0,0.0
4535.JPG,0.0,0.0
4536.JPG,0.0,0.0
4537.JPG,0.0,0.0
4538.JPG,0.0,0.0
4539.JPG,0.0,0.0
4540.JPG,0.0,0.0
4541.JPG,0.0,0.0
4542.JPG,0.0,0.0
4543.JPG,0.0,0.0
4544.JPG,0.0,0.0
4545.JPG,0.0,0.0
4546.JPG,0.0,0.0
4547.JPG,0.0,0.0
4548.JPG,0.0,0.0
4549.JPG,0.0,0.0
4550.JPG,0.0,0.0
4551.JPG,0.0,0.0
4552.JPG,0.0,0.0
4553.JPG,0.0,0.0
4554.JPG,0.0,0.0
4555.JPG,0.0,0.0
4556.JPG,0.0,0.0
4557.JPG,0.0,0.0
4558.JPG,0.0,0.0
4559.JPG,0.0,0.0
4560.JPG,0.0,0.0
4561.JPG,0.0,0.0
4562.JPG,0.0,0.0
4563.JPG,0.0,0.0
4564.JPG,0.0,0.0
4565.JPG,0.0,0.0
4566.JPG,0.0,0.0
4567.JPG,0.0,0.0
4568.JPG,0.0,0.0
4569.JPG,0.0,0.0
4570.JPG,0.0,0.0
4571.JPG,0.0,0.0
4572.JPG,0.0,0.0
4573.JPG,0.0,0.0
4574.JPG,0.0,0.0
4575.JPG,0.0,0.0
4576.JPG,0.0,0.0
4577.JPG,0.0,0.0
4578.JPG,0.0,0.0
4579.JPG,0.0,0.0
4580.JPG,0.0,0.0
4581.JPG,0.0,0.0
4582.JPG,0.0,0.0
4583.JPG,0.0,0.0
4584.JPG,0.0,0.0
4585.JPG,0.0,0.0
4586.JPG,0.0,0.0
4587.JPG,0.0,0.0
4588.JPG,0.0,0.0
4589.JPG,0.0,0.0
4590.JPG,0.0,0.0
4591.JPG,0.0,0.0
4592.JPG,0.0,0.0
4593.JPG,0.0,0.0
4594.JPG,0.0,0.0
4595.JPG,0.0,0.0
4596.JPG,0.0,0.0
4597.JPG,0.0,0.0
4598.JPG,0.0,0.0
4599.JPG,0.0,0.0
4600.JPG,0.0,0.0
4601.JPG,0.0,0.0
4602.JPG,0.0,0.0
4603.JPG,0.0,0.0
4604.JPG,2.0,"['{""cx"":3276,""cy"":1619,""r"":130}', '{""cx"":3114,""cy"":1611,""r"":133}']"
4605.JPG,0.0,0.0
4606.JPG,0.0,0.0
4607.JPG,0.0,0.0
4608.JPG,0.0,0.0
4609.JPG,0.0,0.0
4610.JPG,0.0,0.0
4611.JPG,0.0,0.0
4612.JPG,0.0,0.0
4613.JPG,0.0,0.0
4614.JPG,0.0,0.0
4615.JPG,0.0,0.0
4616.JPG,0.0,0.0
4617.JPG,0.0,0.0
4618.JPG,0.0,0.0
4619.JPG,0.0,0.0
4620.JPG,0.0,0.0
4621.JPG,0.0,0.0
4622.JPG,0.0,0.0
4623.JPG,0.0,0.0
4624.JPG,0.0,0.0
4625.JPG,0.0,0.0
4626.JPG,0.0,0.0
4627.JPG,0.0,0.0
4628.JPG,0.0,0.0
4629.JPG,0.0,0.0
4630.JPG,0.0,0.0
4631.JPG,0.0,0.0
4632.JPG,0.0,0.0
4633.JPG,0.0,0.0
4634.JPG,0.0,0.0
4635.JPG,0.0,0.0
4636.JPG,0.0,0.0
4637.JPG,0.0,0.0
4638.jpg,0.0,0.0
4639.JPG,0.0,0.0
4640.JPG,0.0,0.0
4641.JPG,0.0,0.0
4642.JPG,0.0,0.0
4643.JPG,0.0,0.0
4644.JPG,0.0,0.0
4645.JPG,0.0,0.0
4646.JPG,0.0,0.0
4647.JPG,0.0,0.0
4648.JPG,0.0,0.0
4649.JPG,0.0,0.0
4650.JPG,0.0,0.0
4651.JPG,0.0,0.0
4652.JPG,0.0,0.0
4653.JPG,0.0,0.0
4654.JPG,0.0,0.0
4655.JPG,0.0,0.0
4656.JPG,0.0,0.0
4657.JPG,0.0,0.0
4658.JPG,0.0,0.0
4659.JPG,0.0,0.0
4660.JPG,0.0,0.0
4661.JPG,0.0,0.0
4662.JPG,0.0,0.0
4663.JPG,0.0,0.0
4664.JPG,0.0,0.0
4665.JPG,0.0,0.0
4666.JPG,0.0,0.0
4667.JPG,0.0,0.0
4668.JPG,0.0,0.0
4669.JPG,0.0,0.0
4670.JPG,0.0,0.0
4671.jpg,0.0,0.0
4672.JPG,0.0,0.0
4673.JPG,0.0,0.0
4674.JPG,0.0,0.0
4675.JPG,0.0,0.0
4676.JPG,0.0,0.0
4677.JPG,0.0,0.0
4678.JPG,0.0,0.0
4679.JPG,0.0,0.0
4680.JPG,0.0,0.0
4681.JPG,0.0,0.0
4682.JPG,0.0,0.0
4683.JPG,0.0,0.0
4684.JPG,0.0,0.0
4685.JPG,0.0,0.0
4686.JPG,0.0,0.0
4687.JPG,0.0,0.0
4688.JPG,0.0,0.0
4689.JPG,0.0,0.0
4690.JPG,0.0,0.0
4691.JPG,0.0,0.0
4692.JPG,0.0,0.0
4693.JPG,0.0,0.0
4694.JPG,0.0,0.0
4695.JPG,0.0,0.0
4696.JPG,0.0,0.0
4697.JPG,0.0,0.0
4698.JPG,0.0,0.0
4699.JPG,0.0,0.0
4700.JPG,0.0,0.0
4701.JPG,0.0,0.0
4702.JPG,0.0,0.0
4703.JPG,0.0,0.0
4704.JPG,0.0,0.0
4705.JPG,0.0,0.0
4706.JPG,0.0,0.0
4707.JPG,0.0,0.0
4708.JPG,0.0,0.0
4709.JPG,0.0,0.0
4710.JPG,0.0,0.0
4711.JPG,0.0,0.0
4712.JPG,0.0,0.0
4713.JPG,0.0,0.0
4714.JPG,0.0,0.0
4715.JPG,0.0,0.0
4716.JPG,0.0,0.0
4717.JPG,0.0,0.0
4718.JPG,0.0,0.0
4719.JPG,0.0,0.0
4720.JPG,0.0,0.0
4721.JPG,0.0,0.0
4722.JPG,0.0,0.0
4723.JPG,0.0,0.0
4724.JPG,0.0,0.0
4725.JPG,0.0,0.0
4726.JPG,0.0,0.0
4727.JPG,0.0,0.0
4728.JPG,0.0,0.0
4729.JPG,0.0,0.0
4730.JPG,0.0,0.0
4731.JPG,0.0,0.0
4732.JPG,0.0,0.0
4733.JPG,0.0,0.0
4734.JPG,0.0,0.0
4735.JPG,0.0,0.0
4736.JPG,0.0,0.0
4737.JPG,0.0,0.0
4738.JPG,0.0,0.0
4739.JPG,0.0,0.0
4740.JPG,0.0,0.0
4741.JPG,0.0,0.0
4742.JPG,0.0,0.0
4743.JPG,0.0,0.0
4744.JPG,0.0,0.0
4745.JPG,0.0,0.0
4746.JPG,0.0,0.0
4747.JPG,0.0,0.0
4748.JPG,0.0,0.0
4749.JPG,0.0,0.0
4750.JPG,0.0,0.0
4751.JPG,0.0,0.0
4752.JPG,0.0,0.0
4753.JPG,0.0,0.0
4754.JPG,0.0,0.0
4755.JPG,0.0,0.0
4756.JPG,0.0,0.0
4757.JPG,0.0,0.0
4758.JPG,0.0,0.0
4759.JPG,0.0,0.0
4760.JPG,0.0,0.0
4761.JPG,0.0,0.0
4762.JPG,0.0,0.0
4763.JPG,0.0,0.0
4764.JPG,0.0,0.0
4765.JPG,0.0,0.0
4766.JPG,0.0,0.0
4767.JPG,0.0,0.0
4768.JPG,0.0,0.0
4769.JPG,0.0,0.0
4770.JPG,0.0,0.0
4771.JPG,0.0,0.0
4772.JPG,0.0,0.0
4773.JPG,0.0,0.0
4774.JPG,0.0,0.0
4775.JPG,0.0,0.0
4776.JPG,0.0,0.0
4777.JPG,0.0,0.0
4778.JPG,0.0,0.0
4779.JPG,0.0,0.0
4780.JPG,2.0,"['{""cx"":3898,""cy"":988,""r"":123}', '{""cx"":3309,""cy"":1557,""r"":117}']"
4781.JPG,0.0,0.0
4782.JPG,0.0,0.0
4783.JPG,0.0,0.0
4784.JPG,0.0,0.0
4785.JPG,0.0,0.0
4786.JPG,0.0,0.0
4787.JPG,0.0,0.0
4788.jpg,0.0,0.0
4789.JPG,0.0,0.0
4790.JPG,0.0,0.0
4791.JPG,0.0,0.0
4792.JPG,0.0,0.0
4793.JPG,0.0,0.0
4794.JPG,0.0,0.0
4795.JPG,0.0,0.0
4796.JPG,0.0,0.0
4797.JPG,0.0,0.0
4798.JPG,0.0,0.0
4799.JPG,0.0,0.0
4800.JPG,0.0,0.0
4801.JPG,0.0,0.0
4802.JPG,0.0,0.0
4803.JPG,0.0,0.0
4804.JPG,0.0,0.0
4805.JPG,0.0,0.0
4806.JPG,0.0,0.0
4807.JPG,0.0,0.0
4808.JPG,0.0,0.0
4809.JPG,0.0,0.0
4810.JPG,0.0,0.0
4811.JPG,0.0,0.0
4812.JPG,0.0,0.0
4813.JPG,0.0,0.0
4814.JPG,0.0,0.0
4815.JPG,0.0,0.0
4816.JPG,0.0,0.0
4817.JPG,0.0,0.0
4818.JPG,0.0,0.0
4819.JPG,0.0,0.0
4820.JPG,0.0,0.0
4821.jpg,0.0,0.0
4822.JPG,0.0,0.0
4823.JPG,0.0,0.0
4824.JPG,0.0,0.0
4825.JPG,0.0,0.0
4826.JPG,0.0,0.0
4827.JPG,0.0,0.0
4828.JPG,0.0,0.0
4829.JPG,0.0,0.0
4830.JPG,0.0,0.0
4831.JPG,0.0,0.0
4832.JPG,0.0,0.0
4833.JPG,0.0,0.0
4834.JPG,0.0,0.0
4835.JPG,0.0,0.0
4836.JPG,0.0,0.0
4837.JPG,0.0,0.0
4838.JPG,0.0,0.0
4839.JPG,0.0,0.0
4840.JPG,0.0,0.0
4841.JPG,0.0,0.0
4842.JPG,0.0,0.0
4843.JPG,0.0,0.0
4844.JPG,0.0,0.0
4845.JPG,0.0,0.0
4846.JPG,0.0,0.0
4847.JPG,0.0,0.0
4848.JPG,0.0,0.0
4849.JPG,0.0,0.0
4850.JPG,0.0,0.0
4851.JPG,0.0,0.0
4852.JPG,0.0,0.0
4853.JPG,0.0,0.0
4854.JPG,0.0,0.0
4855.JPG,0.0,0.0
4856.JPG,0.0,0.0
4857.JPG,0.0,0.0
4858.JPG,0.0,0.0
4859.JPG,0.0,0.0
4860.JPG,0.0,0.0
4861.JPG,0.0,0.0
4862.JPG,0.0,0.0
4863.JPG,0.0,0.0
4864.JPG,0.0,0.0
4865.JPG,0.0,0.0
4866.JPG,0.0,0.0
4867.JPG,0.0,0.0
4868.JPG,0.0,0.0
4869.JPG,0.0,0.0
4870.JPG,0.0,0.0
4871.jpg,1.0,"['{""cx"":1219,""cy"":1005,""r"":105}']"
4872.JPG,0.0,0.0
4873.JPG,0.0,0.0
4874.JPG,0.0,0.0
4875.JPG,0.0,0.0
4876.JPG,0.0,0.0
4877.JPG,0.0,0.0
4878.JPG,0.0,0.0
4879.JPG,0.0,0.0
4880.JPG,0.0,0.0
4881.JPG,0.0,0.0
4882.JPG,0.0,0.0
4883.JPG,0.0,0.0
4884.JPG,0.0,0.0
4885.JPG,0.0,0.0
4886.JPG,0.0,0.0
4887.JPG,0.0,0.0
4888.JPG,2.0,"['{""cx"":2188,""cy"":244,""r"":91}', '{""cx"":2237,""cy"":63,""r"":81}']"
4889.JPG,0.0,0.0
4890.JPG,0.0,0.0
4891.JPG,0.0,0.0
4892.JPG,0.0,0.0
4893.JPG,0.0,0.0
4894.JPG,0.0,0.0
4895.JPG,0.0,0.0
4896.JPG,0.0,0.0
4897.JPG,0.0,0.0
4898.JPG,0.0,0.0
4899.JPG,0.0,0.0
4900.JPG,0.0,0.0
4901.JPG,0.0,0.0
4902.JPG,0.0,0.0
4903.JPG,0.0,0.0
4904.JPG,0.0,0.0
4905.JPG,0.0,0.0
4906.JPG,0.0,0.0
4907.JPG,0.0,0.0
4908.JPG,0.0,0.0
4909.JPG,0.0,0.0
4910.JPG,0.0,0.0
4911.JPG,0.0,0.0
4912.JPG,0.0,0.0
4913.JPG,0.0,0.0
4914.JPG,0.0,0.0
4915.JPG,0.0,0.0
4916.JPG,0.0,0.0
4917.JPG,0.0,0.0
4918.JPG,0.0,0.0
4919.JPG,0.0,0.0
4920.JPG,0.0,0.0
4921.JPG,0.0,0.0
4922.JPG,0.0,0.0
4923.JPG,0.0,0.0
4924.JPG,0.0,0.0
4925.JPG,0.0,0.0
4926.JPG,0.0,0.0
4927.JPG,0.0,0.0
4928.JPG,0.0,0.0
4929.JPG,0.0,0.0
4930.JPG,0.0,0.0
4931.JPG,0.0,0.0
4932.JPG,0.0,0.0
4933.JPG,0.0,0.0
4934.JPG,2.0,"['{""cx"":2890,""cy"":775,""r"":110}', '{""cx"":3045,""cy"":792,""r"":124}']"
4935.JPG,0.0,0.0
4936.JPG,0.0,0.0
4937.JPG,0.0,0.0
4938.JPG,0.0,0.0
4939.JPG,0.0,0.0
4940.JPG,0.0,0.0
4941.JPG,0.0,0.0
4942.JPG,0.0,0.0
4943.JPG,0.0,0.0
4944.JPG,0.0,0.0
4945.JPG,0.0,0.0
4946.JPG,0.0,0.0
4947.JPG,0.0,0.0
4948.JPG,0.0,0.0
4949.JPG,0.0,0.0
4950.JPG,0.0,0.0
4951.JPG,0.0,0.0
4952.JPG,0.0,0.0
4953.JPG,0.0,0.0
4954.JPG,0.0,0.0
4955.JPG,0.0,0.0
4956.JPG,0.0,0.0
4957.JPG,0.0,0.0
4958.JPG,0.0,0.0
4959.JPG,0.0,0.0
4960.JPG,0.0,0.0
4961.JPG,0.0,0.0
4962.JPG,0.0,0.0
4963.JPG,0.0,0.0
4964.JPG,0.0,0.0
4965.JPG,0.0,0.0
4966.JPG,0.0,0.0
4967.JPG,0.0,0.0
4968.JPG,0.0,0.0
4969.JPG,0.0,0.0
4970.JPG,0.0,0.0
4971.JPG,0.0,0.0
4972.JPG,0.0,0.0
4973.JPG,0.0,0.0
4974.JPG,0.0,0.0
4975.JPG,0.0,0.0
4976.JPG,0.0,0.0
4977.JPG,0.0,0.0
4978.JPG,0.0,0.0
4979.JPG,0.0,0.0
4980.JPG,0.0,0.0
4981.JPG,0.0,0.0
4982.JPG,0.0,0.0
4983.JPG,0.0,0.0
4984.JPG,0.0,0.0
4985.JPG,0.0,0.0
4986.JPG,0.0,0.0
4987.JPG,0.0,0.0
4988.JPG,0.0,0.0
4989.JPG,0.0,0.0
4990.JPG,0.0,0.0
4991.JPG,0.0,0.0
4992.JPG,0.0,0.0
4993.JPG,0.0,0.0
4994.JPG,0.0,0.0
4995.JPG,0.0,0.0
4996.JPG,0.0,0.0
4997.JPG,0.0,0.0
4998.JPG,0.0,0.0
4999.JPG,0.0,0.0
5000.JPG,0.0,0.0
5001.JPG,0.0,0.0
5002.JPG,0.0,0.0
5003.JPG,0.0,0.0
5004.JPG,0.0,0.0
5005.JPG,0.0,0.0
5006.JPG,0.0,0.0
5007.JPG,0.0,0.0
5008.JPG,0.0,0.0
5009.JPG,0.0,0.0
5010.JPG,0.0,0.0
5011.JPG,0.0,0.0
5012.JPG,0.0,0.0
5013.JPG,0.0,0.0
5014.JPG,0.0,0.0
5015.JPG,0.0,0.0
5016.JPG,0.0,0.0
5017.JPG,0.0,0.0
5018.JPG,0.0,0.0
5019.JPG,0.0,0.0
5020.JPG,0.0,0.0
5021.JPG,0.0,0.0
5022.JPG,0.0,0.0
5023.JPG,0.0,0.0
5024.JPG,0.0,0.0
5025.JPG,0.0,0.0
5026.JPG,0.0,0.0
5027.JPG,0.0,0.0
5028.JPG,0.0,0.0
5029.JPG,0.0,0.0
5030.JPG,0.0,0.0
5031.JPG,0.0,0.0
5032.JPG,0.0,0.0
5033.JPG,0.0,0.0
5034.JPG,0.0,0.0
5035.JPG,0.0,0.0
5036.JPG,0.0,0.0
5037.JPG,0.0,0.0
5038.JPG,0.0,0.0
5039.JPG,0.0,0.0
5040.JPG,0.0,0.0
5041.JPG,0.0,0.0
5042.JPG,0.0,0.0
5043.JPG,0.0,0.0
5044.JPG,0.0,0.0
5045.JPG,0.0,0.0
5046.JPG,0.0,0.0
5047.JPG,0.0,0.0
5048.JPG,0.0,0.0
5049.JPG,0.0,0.0
5050.JPG,0.0,0.0
5051.JPG,0.0,0.0
5052.JPG,0.0,0.0
5053.JPG,0.0,0.0
5054.JPG,0.0,0.0
5055.JPG,0.0,0.0
5056.JPG,0.0,0.0
5057.JPG,0.0,0.0
5058.JPG,0.0,0.0
5059.JPG,0.0,0.0
5060.JPG,0.0,0.0
5061.JPG,0.0,0.0
5062.JPG,0.0,0.0
5063.JPG,0.0,0.0
5064.JPG,0.0,0.0
5065.JPG,2.0,"['{""cx"":1167,""cy"":1568,""r"":36}', '{""cx"":1268,""cy"":1610,""r"":36}']"
5066.JPG,0.0,0.0
5067.JPG,0.0,0.0
5068.JPG,0.0,0.0
5069.JPG,0.0,0.0
5070.JPG,0.0,0.0
5071.JPG,0.0,0.0
5072.JPG,0.0,0.0
5073.JPG,0.0,0.0
5074.JPG,0.0,0.0
5075.JPG,0.0,0.0
5076.JPG,0.0,0.0
5077.JPG,0.0,0.0
5078.JPG,0.0,0.0
5079.JPG,0.0,0.0
5080.JPG,0.0,0.0
5081.JPG,0.0,0.0
5082.JPG,0.0,0.0
5083.JPG,0.0,0.0
5084.JPG,0.0,0.0
5085.JPG,0.0,0.0
5086.JPG,0.0,0.0
5087.JPG,0.0,0.0
5088.JPG,0.0,0.0
5089.JPG,0.0,0.0
5090.JPG,0.0,0.0
5091.JPG,0.0,0.0
5092.JPG,0.0,0.0
5093.JPG,0.0,0.0
5094.JPG,0.0,0.0
5095.JPG,0.0,0.0
5096.JPG,0.0,0.0
5097.JPG,0.0,0.0
5098.JPG,0.0,0.0
5099.JPG,0.0,0.0
5100.JPG,0.0,0.0
5101.JPG,0.0,0.0
5102.JPG,0.0,0.0
5103.JPG,0.0,0.0
5104.JPG,0.0,0.0
5105.JPG,0.0,0.0
5106.JPG,0.0,0.0
5107.JPG,0.0,0.0
5108.JPG,0.0,0.0
5109.JPG,0.0,0.0
5110.JPG,0.0,0.0
5111.JPG,0.0,0.0
5112.JPG,0.0,0.0
5113.JPG,0.0,0.0
5114.JPG,0.0,0.0
5115.JPG,0.0,0.0
5116.JPG,0.0,0.0
5117.JPG,0.0,0.0
5118.JPG,0.0,0.0
5119.JPG,0.0,0.0
5120.JPG,0.0,0.0
5121.JPG,0.0,0.0
5122.JPG,0.0,0.0
5123.JPG,0.0,0.0
5124.JPG,0.0,0.0
5125.JPG,0.0,0.0
5126.JPG,0.0,0.0
5127.JPG,0.0,0.0
5128.JPG,0.0,0.0
5129.JPG,0.0,0.0
5130.JPG,0.0,0.0
5131.JPG,0.0,0.0
5132.JPG,0.0,0.0
5133.JPG,0.0,0.0
5134.JPG,0.0,0.0
5135.JPG,0.0,0.0
5136.JPG,0.0,0.0
5137.JPG,0.0,0.0
5138.JPG,0.0,0.0
5139.JPG,0.0,0.0
5140.JPG,0.0,0.0
5141.JPG,0.0,0.0
5142.JPG,0.0,0.0
5143.JPG,0.0,0.0
5144.JPG,0.0,0.0
5145.JPG,0.0,0.0
5146.JPG,0.0,0.0
5147.JPG,0.0,0.0
5148.JPG,0.0,0.0
5149.JPG,0.0,0.0
5150.JPG,0.0,0.0
5151.JPG,0.0,0.0
5152.JPG,0.0,0.0
5153.JPG,0.0,0.0
5154.JPG,0.0,0.0
5155.JPG,0.0,0.0
5156.JPG,0.0,0.0
5157.JPG,0.0,0.0
5158.JPG,0.0,0.0
5159.JPG,0.0,0.0
5160.JPG,0.0,0.0
5161.JPG,0.0,0.0
5162.JPG,0.0,0.0
5163.JPG,0.0,0.0
5164.JPG,0.0,0.0
5165.JPG,0.0,0.0
5166.JPG,0.0,0.0
5167.JPG,0.0,0.0
5168.JPG,0.0,0.0
5169.JPG,0.0,0.0
5170.JPG,0.0,0.0
5171.JPG,0.0,0.0
5172.JPG,0.0,0.0
5173.JPG,0.0,0.0
5174.JPG,0.0,0.0
5175.JPG,0.0,0.0
5176.jpg,0.0,0.0
5177.JPG,0.0,0.0
5178.JPG,0.0,0.0
5179.JPG,0.0,0.0
5180.JPG,0.0,0.0
5181.JPG,0.0,0.0
5182.JPG,0.0,0.0
5183.JPG,0.0,0.0
5184.JPG,0.0,0.0
5185.JPG,0.0,0.0
5186.JPG,0.0,0.0
5187.JPG,0.0,0.0
5188.JPG,0.0,0.0
5189.JPG,0.0,0.0
5190.JPG,0.0,0.0
5191.JPG,2.0,"['{""cx"":2346,""cy"":2840,""r"":93}', '{""cx"":2217,""cy"":2948,""r"":93}']"
5192.JPG,0.0,0.0
5193.JPG,0.0,0.0
5194.JPG,0.0,0.0
5195.JPG,0.0,0.0
5196.JPG,0.0,0.0
5197.JPG,0.0,0.0
5198.JPG,0.0,0.0
5199.JPG,0.0,0.0
5200.JPG,0.0,0.0
5201.JPG,0.0,0.0
5202.JPG,0.0,0.0
5203.JPG,0.0,0.0
5204.JPG,0.0,0.0
5205.JPG,0.0,0.0
5206.JPG,0.0,0.0
5207.JPG,0.0,0.0
5208.JPG,0.0,0.0
5209.JPG,0.0,0.0
5210.JPG,0.0,0.0
5211.JPG,0.0,0.0
5212.JPG,0.0,0.0
5213.JPG,0.0,0.0
5214.JPG,0.0,0.0
5215.JPG,0.0,0.0
5216.JPG,0.0,0.0
5217.JPG,0.0,0.0
5218.JPG,0.0,0.0
5219.JPG,0.0,0.0
5220.JPG,0.0,0.0
5221.JPG,0.0,0.0
5222.JPG,0.0,0.0
5223.JPG,0.0,0.0
5224.JPG,0.0,0.0
5225.JPG,0.0,0.0
5226.JPG,0.0,0.0
5227.JPG,0.0,0.0
5228.JPG,0.0,0.0
5229.JPG,0.0,0.0
5230.JPG,0.0,0.0
5231.JPG,0.0,0.0
5232.JPG,0.0,0.0
5233.JPG,0.0,0.0
5234.JPG,0.0,0.0
5235.JPG,0.0,0.0
5236.JPG,0.0,0.0
5237.JPG,0.0,0.0
5238.JPG,0.0,0.0
5239.JPG,0.0,0.0
5240.JPG,0.0,0.0
5241.JPG,0.0,0.0
5242.JPG,0.0,0.0
5243.JPG,0.0,0.0
5244.JPG,0.0,0.0
5245.JPG,0.0,0.0
5246.JPG,0.0,0.0
5247.JPG,0.0,0.0
5248.JPG,0.0,0.0
5249.JPG,0.0,0.0
5250.JPG,0.0,0.0
5251.JPG,0.0,0.0
5252.JPG,0.0,0.0
5253.JPG,0.0,0.0
5254.JPG,0.0,0.0
5255.JPG,0.0,0.0
5256.JPG,0.0,0.0
5257.JPG,0.0,0.0
5258.JPG,0.0,0.0
5259.JPG,0.0,0.0
5260.JPG,0.0,0.0
5261.JPG,0.0,0.0
5262.JPG,0.0,0.0
5263.JPG,0.0,0.0
5264.JPG,0.0,0.0
5265.JPG,0.0,0.0
5266.JPG,0.0,0.0
5267.JPG,0.0,0.0
5268.JPG,0.0,0.0
5269.JPG,0.0,0.0
5270.JPG,0.0,0.0
5271.JPG,0.0,0.0
5272.JPG,0.0,0.0
5273.JPG,0.0,0.0
5274.JPG,0.0,0.0
5275.JPG,0.0,0.0
5276.JPG,0.0,0.0
5277.JPG,2.0,"['{""cx"":3321,""cy"":924,""r"":50}', '{""cx"":3277,""cy"":1021,""r"":72}']"
5278.JPG,0.0,0.0
5279.JPG,0.0,0.0
5280.JPG,0.0,0.0
5281.JPG,0.0,0.0
5282.JPG,0.0,0.0
5283.JPG,0.0,0.0
5284.JPG,0.0,0.0
5285.JPG,0.0,0.0
5286.JPG,0.0,0.0
5287.JPG,0.0,0.0
5288.JPG,0.0,0.0
5289.JPG,0.0,0.0
5290.JPG,0.0,0.0
5291.JPG,0.0,0.0
5292.JPG,0.0,0.0
5293.JPG,0.0,0.0
5294.JPG,0.0,0.0
5295.JPG,0.0,0.0
5296.JPG,0.0,0.0
5297.JPG,0.0,0.0
5298.JPG,0.0,0.0
5299.JPG,0.0,0.0
5300.JPG,0.0,0.0
5301.JPG,0.0,0.0
5302.JPG,0.0,0.0
5303.JPG,0.0,0.0
5304.JPG,0.0,0.0
5305.JPG,0.0,0.0
5306.JPG,0.0,0.0
5307.JPG,0.0,0.0
5308.JPG,0.0,0.0
5309.JPG,0.0,0.0
5310.JPG,0.0,0.0
5311.JPG,0.0,0.0
5312.JPG,0.0,0.0
5313.JPG,0.0,0.0
5314.JPG,2.0,"['{""cx"":2566,""cy"":1250,""r"":121}', '{""cx"":2616,""cy"":515,""r"":110}']"
5315.JPG,0.0,0.0
5316.JPG,0.0,0.0
5317.JPG,0.0,0.0
5318.JPG,0.0,0.0
5319.JPG,0.0,0.0
5320.JPG,0.0,0.0
5321.JPG,0.0,0.0
5322.JPG,0.0,0.0
5323.JPG,0.0,0.0
5324.JPG,0.0,0.0
5325.JPG,0.0,0.0
5326.JPG,0.0,0.0
5327.JPG,0.0,0.0
5328.JPG,0.0,0.0
5329.JPG,0.0,0.0
5330.JPG,0.0,0.0
5331.JPG,0.0,0.0
5332.JPG,0.0,0.0
5333.JPG,0.0,0.0
5334.JPG,0.0,0.0
5335.JPG,0.0,0.0
5336.JPG,0.0,0.0
5337.JPG,0.0,0.0
5338.JPG,0.0,0.0
5339.JPG,0.0,0.0
5340.JPG,0.0,0.0
5341.JPG,0.0,0.0
5342.JPG,0.0,0.0
5343.JPG,0.0,0.0
5344.JPG,0.0,0.0
5345.JPG,0.0,0.0
5346.JPG,0.0,0.0
5347.JPG,0.0,0.0
5348.JPG,0.0,0.0
5349.JPG,0.0,0.0
5350.JPG,0.0,0.0
5351.JPG,0.0,0.0
5352.JPG,0.0,0.0
5353.JPG,0.0,0.0
5354.JPG,0.0,0.0
5355.JPG,0.0,0.0
5356.JPG,0.0,0.0
5357.JPG,0.0,0.0
5358.JPG,0.0,0.0
5359.JPG,0.0,0.0
5360.JPG,0.0,0.0
5361.JPG,0.0,0.0
5362.JPG,0.0,0.0
5363.JPG,0.0,0.0
5364.JPG,0.0,0.0
5365.JPG,0.0,0.0
5366.JPG,0.0,0.0
5367.JPG,0.0,0.0
5368.JPG,0.0,0.0
5369.JPG,0.0,0.0
5370.jpg,0.0,0.0
5371.JPG,0.0,0.0
5372.JPG,0.0,0.0
5373.JPG,0.0,0.0
5374.JPG,0.0,0.0
5375.JPG,0.0,0.0
5376.JPG,0.0,0.0
5377.JPG,0.0,0.0
5378.JPG,0.0,0.0
5379.JPG,0.0,0.0
5380.JPG,0.0,0.0
5381.JPG,0.0,0.0
5382.JPG,0.0,0.0
5383.JPG,0.0,0.0
5384.JPG,0.0,0.0
5385.JPG,0.0,0.0
5386.JPG,0.0,0.0
5387.JPG,0.0,0.0
5388.JPG,0.0,0.0
5389.JPG,0.0,0.0
5390.JPG,0.0,0.0
5391.JPG,0.0,0.0
5392.JPG,0.0,0.0
5393.JPG,0.0,0.0
5394.JPG,0.0,0.0
5395.JPG,0.0,0.0
5396.JPG,0.0,0.0
5397.JPG,0.0,0.0
5398.JPG,0.0,0.0
5399.JPG,0.0,0.0
5400.JPG,0.0,0.0
5401.JPG,0.0,0.0
5402.JPG,0.0,0.0
5403.JPG,0.0,0.0
5404.JPG,0.0,0.0
5405.JPG,0.0,0.0
5406.JPG,0.0,0.0
5407.JPG,0.0,0.0
5408.JPG,0.0,0.0
5409.JPG,0.0,0.0
5410.JPG,0.0,0.0
5411.JPG,0.0,0.0
5412.JPG,0.0,0.0
5413.JPG,0.0,0.0
5414.JPG,0.0,0.0
5415.JPG,0.0,0.0
5416.JPG,0.0,0.0
5417.JPG,0.0,0.0
5418.JPG,0.0,0.0
5419.JPG,0.0,0.0
5420.JPG,0.0,0.0
5421.JPG,0.0,0.0
5422.JPG,0.0,0.0
5423.JPG,0.0,0.0
5424.JPG,0.0,0.0
5425.JPG,0.0,0.0
5426.JPG,0.0,0.0
5427.JPG,0.0,0.0
5428.JPG,0.0,0.0
5429.JPG,0.0,0.0
5430.JPG,0.0,0.0
5431.JPG,0.0,0.0
5432.JPG,0.0,0.0
5433.JPG,0.0,0.0
5434.JPG,0.0,0.0
5435.JPG,0.0,0.0
5436.JPG,0.0,0.0
5437.JPG,0.0,0.0
5438.JPG,0.0,0.0
5439.JPG,0.0,0.0
5440.JPG,0.0,0.0
5441.JPG,0.0,0.0
5442.JPG,0.0,0.0
5443.JPG,0.0,0.0
5444.jpg,0.0,0.0
5445.JPG,0.0,0.0
5446.JPG,0.0,0.0
5447.JPG,0.0,0.0
5448.JPG,0.0,0.0
5449.JPG,0.0,0.0
5450.JPG,0.0,0.0
5451.JPG,0.0,0.0
5452.JPG,0.0,0.0
5453.JPG,0.0,0.0
5454.JPG,0.0,0.0
5455.JPG,0.0,0.0
5456.JPG,0.0,0.0
5457.JPG,0.0,0.0
5458.JPG,0.0,0.0
5459.JPG,0.0,0.0
5460.JPG,0.0,0.0
5461.JPG,0.0,0.0
5462.JPG,0.0,0.0
5463.JPG,0.0,0.0
5464.JPG,0.0,0.0
5465.JPG,0.0,0.0
5466.JPG,0.0,0.0
5467.JPG,0.0,0.0
5468.JPG,0.0,0.0
5469.JPG,0.0,0.0
5470.JPG,0.0,0.0
5471.JPG,0.0,0.0
5472.JPG,0.0,0.0
5473.JPG,0.0,0.0
5474.JPG,0.0,0.0
5475.JPG,0.0,0.0
5476.JPG,0.0,0.0
5477.JPG,0.0,0.0
5478.JPG,2.0,"['{""cx"":3135,""cy"":1827,""r"":121}', '{""cx"":3006,""cy"":2171,""r"":100}']"
5479.JPG,0.0,0.0
5480.JPG,0.0,0.0
5481.JPG,0.0,0.0
5482.JPG,0.0,0.0
5483.JPG,0.0,0.0
5484.JPG,0.0,0.0
5485.JPG,0.0,0.0
5486.JPG,0.0,0.0
5487.JPG,0.0,0.0
5488.JPG,0.0,0.0
5489.JPG,0.0,0.0
5490.JPG,0.0,0.0
5491.JPG,0.0,0.0
5492.JPG,0.0,0.0
5493.JPG,0.0,0.0
5494.JPG,0.0,0.0
5495.JPG,0.0,0.0
5496.JPG,0.0,0.0
5497.JPG,0.0,0.0
5498.JPG,0.0,0.0
5499.JPG,0.0,0.0
5500.JPG,0.0,0.0
5501.JPG,0.0,0.0
5502.JPG,0.0,0.0
5503.JPG,0.0,0.0
5504.JPG,0.0,0.0
5505.JPG,0.0,0.0
5506.JPG,0.0,0.0
5507.JPG,0.0,0.0
5508.JPG,0.0,0.0
5509.JPG,0.0,0.0
5510.JPG,0.0,0.0
5511.JPG,0.0,0.0
5512.JPG,0.0,0.0
5513.JPG,0.0,0.0
5514.JPG,0.0,0.0
5515.JPG,0.0,0.0
5516.JPG,0.0,0.0
5517.JPG,0.0,0.0
5518.JPG,0.0,0.0
5519.JPG,0.0,0.0
5520.JPG,0.0,0.0
5521.JPG,0.0,0.0
5522.JPG,0.0,0.0
5523.JPG,0.0,0.0
5524.JPG,0.0,0.0
5525.JPG,0.0,0.0
5526.JPG,0.0,0.0
5527.JPG,0.0,0.0
5528.JPG,0.0,0.0
5529.JPG,0.0,0.0
5530.JPG,0.0,0.0
5531.JPG,0.0,0.0
5532.JPG,0.0,0.0
5533.JPG,0.0,0.0
5534.JPG,0.0,0.0
5535.JPG,0.0,0.0
5536.JPG,0.0,0.0
5537.JPG,0.0,0.0
5538.JPG,0.0,0.0
5539.JPG,0.0,0.0
5540.JPG,0.0,0.0
5541.JPG,0.0,0.0
5542.JPG,0.0,0.0
5543.JPG,0.0,0.0
5544.JPG,0.0,0.0
5545.JPG,0.0,0.0
5546.JPG,0.0,0.0
5547.JPG,0.0,0.0
5548.JPG,0.0,0.0
5549.JPG,0.0,0.0
5550.JPG,0.0,0.0
5551.JPG,0.0,0.0
5552.JPG,0.0,0.0
5553.JPG,0.0,0.0
5554.JPG,0.0,0.0
5555.JPG,0.0,0.0
5556.JPG,0.0,0.0
5557.JPG,0.0,0.0
5558.JPG,0.0,0.0
5559.JPG,0.0,0.0
5560.JPG,0.0,0.0
5561.jpg,0.0,0.0
5562.JPG,0.0,0.0
5563.JPG,0.0,0.0
5564.JPG,0.0,0.0
5565.JPG,0.0,0.0
5566.JPG,0.0,0.0
5567.JPG,0.0,0.0
5568.JPG,0.0,0.0
5569.JPG,0.0,0.0
5570.JPG,0.0,0.0
5571.JPG,0.0,0.0
5572.JPG,0.0,0.0
5573.JPG,0.0,0.0
5574.JPG,0.0,0.0
5575.JPG,0.0,0.0
5576.JPG,0.0,0.0
5577.JPG,0.0,0.0
5578.JPG,0.0,0.0
5579.JPG,0.0,0.0
5580.JPG,0.0,0.0
5581.jpg,0.0,0.0
5582.JPG,0.0,0.0
5583.JPG,0.0,0.0
5584.JPG,0.0,0.0
5585.JPG,0.0,0.0
5586.JPG,0.0,0.0
5587.JPG,0.0,0.0
5588.JPG,0.0,0.0
5589.JPG,0.0,0.0
5590.JPG,0.0,0.0
5591.JPG,0.0,0.0
5592.JPG,0.0,0.0
5593.JPG,0.0,0.0
5594.JPG,0.0,0.0
5595.JPG,0.0,0.0
5596.JPG,0.0,0.0
5597.JPG,0.0,0.0
5598.JPG,0.0,0.0
5599.JPG,0.0,0.0
5600.JPG,0.0,0.0
5601.JPG,0.0,0.0
5602.JPG,0.0,0.0
5603.JPG,0.0,0.0
5604.JPG,0.0,0.0
5605.JPG,0.0,0.0
5606.JPG,0.0,0.0
5607.JPG,0.0,0.0
5608.JPG,0.0,0.0
5609.JPG,0.0,0.0
5610.JPG,0.0,0.0
5611.JPG,0.0,0.0
5612.JPG,0.0,0.0
5613.JPG,0.0,0.0
5614.JPG,0.0,0.0
5615.JPG,0.0,0.0
5616.JPG,0.0,0.0
5617.JPG,0.0,0.0
5618.JPG,0.0,0.0
5619.JPG,0.0,0.0
5620.JPG,0.0,0.0
5621.JPG,0.0,0.0
5622.JPG,0.0,0.0
5623.JPG,0.0,0.0
5624.JPG,0.0,0.0
5625.JPG,0.0,0.0
5626.JPG,0.0,0.0
5627.JPG,0.0,0.0
5628.JPG,0.0,0.0
5629.JPG,0.0,0.0
5630.JPG,0.0,0.0
5631.JPG,0.0,0.0
5632.JPG,0.0,0.0
5633.JPG,0.0,0.0
5634.JPG,0.0,0.0
5635.JPG,0.0,0.0
5636.JPG,0.0,0.0
5637.JPG,0.0,0.0
5638.JPG,0.0,0.0
5639.JPG,0.0,0.0
5640.JPG,0.0,0.0
5641.JPG,0.0,0.0
5642.JPG,0.0,0.0
5643.JPG,0.0,0.0
5644.JPG,0.0,0.0
5645.JPG,0.0,0.0
5646.JPG,0.0,0.0
5647.JPG,0.0,0.0
5648.JPG,0.0,0.0
5649.JPG,0.0,0.0
5650.JPG,0.0,0.0
5651.JPG,0.0,0.0
5652.JPG,0.0,0.0
5653.JPG,0.0,0.0
5654.JPG,0.0,0.0
5655.JPG,0.0,0.0
5656.JPG,0.0,0.0
5657.JPG,0.0,0.0
5658.JPG,0.0,0.0
5659.JPG,0.0,0.0
5660.JPG,0.0,0.0
5661.JPG,0.0,0.0
5662.JPG,0.0,0.0
5663.JPG,0.0,0.0
5664.JPG,0.0,0.0
5665.JPG,0.0,0.0
5666.JPG,0.0,0.0
5667.JPG,0.0,0.0
5668.JPG,0.0,0.0
5669.JPG,0.0,0.0
5670.JPG,0.0,0.0
5671.JPG,0.0,0.0
5672.JPG,0.0,0.0
5673.JPG,0.0,0.0
5674.JPG,0.0,0.0
5675.JPG,0.0,0.0
5676.JPG,0.0,0.0
5677.JPG,0.0,0.0
5678.JPG,0.0,0.0
5679.JPG,0.0,0.0
5680.jpg,1.0,"['{""cx"":2765,""cy"":1998,""r"":109}']"
5681.JPG,0.0,0.0
5682.JPG,0.0,0.0
5683.JPG,0.0,0.0
5684.JPG,0.0,0.0
5685.jpg,0.0,0.0
5686.JPG,0.0,0.0
5687.JPG,0.0,0.0
5688.JPG,0.0,0.0
5689.JPG,0.0,0.0
5690.JPG,0.0,0.0
5691.JPG,0.0,0.0
5692.JPG,0.0,0.0
5693.JPG,0.0,0.0
5694.JPG,0.0,0.0
5695.JPG,0.0,0.0
5696.JPG,0.0,0.0
5697.JPG,0.0,0.0
5698.JPG,0.0,0.0
5699.JPG,0.0,0.0
5700.JPG,0.0,0.0
5701.JPG,0.0,0.0
5702.JPG,0.0,0.0
5703.JPG,0.0,0.0
5704.JPG,0.0,0.0
5705.JPG,0.0,0.0
5706.JPG,0.0,0.0
5707.JPG,0.0,0.0
5708.JPG,0.0,0.0
5709.jpg,0.0,0.0
5710.JPG,0.0,0.0
5711.JPG,0.0,0.0
5712.JPG,0.0,0.0
5713.JPG,0.0,0.0
5714.JPG,0.0,0.0
5715.JPG,0.0,0.0
5716.JPG,0.0,0.0
5717.JPG,0.0,0.0
5718.JPG,0.0,0.0
5719.JPG,0.0,0.0
5720.JPG,0.0,0.0
5721.JPG,0.0,0.0
5722.JPG,0.0,0.0
5723.JPG,0.0,0.0
5724.JPG,0.0,0.0
5725.JPG,0.0,0.0
5726.JPG,0.0,0.0
5727.jpg,0.0,0.0
5728.JPG,0.0,0.0
5729.JPG,0.0,0.0
5730.JPG,0.0,0.0
5731.JPG,0.0,0.0
5732.JPG,0.0,0.0
5733.JPG,0.0,0.0
5734.JPG,0.0,0.0
5735.JPG,0.0,0.0
5736.JPG,0.0,0.0
5737.JPG,0.0,0.0
5738.JPG,0.0,0.0
5739.JPG,0.0,0.0
5740.JPG,0.0,0.0
5741.JPG,0.0,0.0
5742.JPG,0.0,0.0
5743.JPG,0.0,0.0
5744.JPG,0.0,0.0
5745.JPG,0.0,0.0
5746.JPG,0.0,0.0
5747.JPG,0.0,0.0
5748.JPG,0.0,0.0
5749.JPG,0.0,0.0
5750.JPG,0.0,0.0
5751.JPG,0.0,0.0
5752.JPG,0.0,0.0
5753.JPG,0.0,0.0
5754.JPG,0.0,0.0
5755.JPG,0.0,0.0
5756.JPG,0.0,0.0
5757.JPG,0.0,0.0
5758.JPG,0.0,0.0
5759.JPG,0.0,0.0
5760.JPG,0.0,0.0
5761.JPG,0.0,0.0
5762.JPG,0.0,0.0
5763.JPG,0.0,0.0
5764.JPG,0.0,0.0
5765.JPG,0.0,0.0
5766.JPG,0.0,0.0
5767.JPG,0.0,0.0
5768.JPG,0.0,0.0
5769.JPG,0.0,0.0
5770.JPG,0.0,0.0
5771.JPG,0.0,0.0
5772.JPG,0.0,0.0
5773.JPG,0.0,0.0
5774.JPG,0.0,0.0
5775.JPG,0.0,0.0
5776.JPG,0.0,0.0
5777.JPG,0.0,0.0
5778.JPG,0.0,0.0
5779.JPG,0.0,0.0
5780.JPG,0.0,0.0
5781.JPG,0.0,0.0
5782.JPG,0.0,0.0
5783.JPG,0.0,0.0
5784.JPG,0.0,0.0
5785.JPG,0.0,0.0
5786.JPG,0.0,0.0
5787.JPG,0.0,0.0
5788.JPG,0.0,0.0
5789.JPG,0.0,0.0
5790.JPG,0.0,0.0
5791.JPG,0.0,0.0
5792.JPG,0.0,0.0
5793.JPG,0.0,0.0
5794.JPG,0.0,0.0
5795.JPG,0.0,0.0
5796.JPG,0.0,0.0
5797.JPG,0.0,0.0
5798.JPG,0.0,0.0
5799.JPG,0.0,0.0
5800.JPG,0.0,0.0
5801.JPG,0.0,0.0
5802.JPG,0.0,0.0
5803.JPG,0.0,0.0
5804.JPG,0.0,0.0
5805.JPG,0.0,0.0
5806.JPG,0.0,0.0
5807.JPG,0.0,0.0
5808.JPG,0.0,0.0
5809.JPG,0.0,0.0
5810.JPG,0.0,0.0
5811.JPG,0.0,0.0
5812.JPG,0.0,0.0
5813.JPG,0.0,0.0
5814.JPG,0.0,0.0
5815.JPG,0.0,0.0
5816.JPG,0.0,0.0
5817.JPG,0.0,0.0
5818.JPG,0.0,0.0
5819.JPG,0.0,0.0
5820.JPG,0.0,0.0
5821.JPG,0.0,0.0
5822.JPG,0.0,0.0
5823.JPG,0.0,0.0
5824.JPG,2.0,"['{""cx"":2902,""cy"":1824,""r"":102}', '{""cx"":2854,""cy"":2527,""r"":92}']"
5825.JPG,0.0,0.0
5826.JPG,0.0,0.0
5827.JPG,0.0,0.0
5828.JPG,0.0,0.0
5829.JPG,0.0,0.0
5830.JPG,0.0,0.0
5831.JPG,0.0,0.0
5832.JPG,0.0,0.0
5833.JPG,0.0,0.0
5834.JPG,0.0,0.0
5835.JPG,0.0,0.0
5836.JPG,0.0,0.0
5837.JPG,0.0,0.0
5838.JPG,0.0,0.0
5839.JPG,0.0,0.0
5840.JPG,0.0,0.0
5841.JPG,0.0,0.0
5842.JPG,0.0,0.0
5843.JPG,0.0,0.0
5844.JPG,0.0,0.0
5845.JPG,0.0,0.0
5846.JPG,0.0,0.0
5847.JPG,0.0,0.0
5848.JPG,0.0,0.0
5849.JPG,0.0,0.0
5850.JPG,0.0,0.0
5851.JPG,0.0,0.0
5852.JPG,0.0,0.0
5853.JPG,0.0,0.0
5854.JPG,0.0,0.0
5855.JPG,0.0,0.0
5856.JPG,0.0,0.0
5857.JPG,0.0,0.0
5858.JPG,0.0,0.0
5859.JPG,0.0,0.0
5860.JPG,0.0,0.0
5861.JPG,0.0,0.0
5862.JPG,0.0,0.0
5863.JPG,0.0,0.0
5864.JPG,0.0,0.0
5865.JPG,0.0,0.0
5866.JPG,0.0,0.0
5867.JPG,0.0,0.0
5868.JPG,0.0,0.0
5869.JPG,0.0,0.0
5870.JPG,0.0,0.0
5871.JPG,0.0,0.0
5872.JPG,0.0,0.0
5873.JPG,0.0,0.0
5874.JPG,0.0,0.0
5875.JPG,0.0,0.0
5876.JPG,0.0,0.0
5877.JPG,0.0,0.0
5878.JPG,0.0,0.0
5879.JPG,0.0,0.0
5880.JPG,0.0,0.0
5881.JPG,0.0,0.0
5882.JPG,0.0,0.0
5883.JPG,0.0,0.0
5884.JPG,0.0,0.0
5885.JPG,0.0,0.0
5886.JPG,0.0,0.0
5887.JPG,0.0,0.0
5888.JPG,0.0,0.0
5889.JPG,0.0,0.0
5890.JPG,0.0,0.0
5891.JPG,0.0,0.0
5892.JPG,0.0,0.0
5893.JPG,0.0,0.0
5894.JPG,0.0,0.0
5895.JPG,0.0,0.0
5896.JPG,0.0,0.0
5897.JPG,0.0,0.0
5898.JPG,0.0,0.0
5899.JPG,0.0,0.0
5900.JPG,0.0,0.0
5901.JPG,0.0,0.0
5902.JPG,0.0,0.0
5903.JPG,0.0,0.0
5904.JPG,0.0,0.0
5905.JPG,0.0,0.0
5906.JPG,0.0,0.0
5907.JPG,0.0,0.0
5908.JPG,0.0,0.0
5909.JPG,0.0,0.0
5910.JPG,0.0,0.0
5911.JPG,0.0,0.0
5912.JPG,0.0,0.0
5913.JPG,0.0,0.0
5914.JPG,0.0,0.0
5915.JPG,0.0,0.0
5916.JPG,0.0,0.0
5917.JPG,0.0,0.0
5918.JPG,0.0,0.0
5919.JPG,0.0,0.0
5920.JPG,0.0,0.0
5921.JPG,0.0,0.0
5922.JPG,0.0,0.0
5923.JPG,0.0,0.0
5924.JPG,0.0,0.0
5925.JPG,0.0,0.0
5926.JPG,0.0,0.0
5927.JPG,0.0,0.0
5928.JPG,0.0,0.0
5929.JPG,0.0,0.0
5930.JPG,0.0,0.0
5931.JPG,0.0,0.0
5932.JPG,0.0,0.0
5933.JPG,0.0,0.0
5934.JPG,0.0,0.0
5935.JPG,0.0,0.0
5936.JPG,0.0,0.0
5937.JPG,0.0,0.0
5938.JPG,0.0,0.0
5939.JPG,0.0,0.0
5940.JPG,0.0,0.0
5941.JPG,0.0,0.0
5942.JPG,0.0,0.0
5943.JPG,0.0,0.0
5944.JPG,0.0,0.0
5945.JPG,0.0,0.0
5946.JPG,0.0,0.0
5947.JPG,0.0,0.0
5948.JPG,0.0,0.0
5949.JPG,0.0,0.0
5950.JPG,0.0,0.0
5951.JPG,0.0,0.0
5952.JPG,0.0,0.0
5953.JPG,0.0,0.0
5954.JPG,0.0,0.0
5955.JPG,0.0,0.0
5956.JPG,4.0,"['{""cx"":2678,""cy"":1640,""r"":77}', '{""cx"":2570,""cy"":1686,""r"":105.849}', '{""cx"":2624,""cy"":1802,""r"":105}', '{""cx"":2757,""cy"":1860,""r"":104}']"
5957.JPG,0.0,0.0
5958.JPG,0.0,0.0
5959.JPG,0.0,0.0
5960.JPG,0.0,0.0
5961.JPG,0.0,0.0
5962.JPG,0.0,0.0
5963.JPG,0.0,0.0
5964.JPG,0.0,0.0
5965.JPG,0.0,0.0
5966.JPG,0.0,0.0
5967.JPG,0.0,0.0
5968.JPG,0.0,0.0
5969.JPG,0.0,0.0
5970.JPG,0.0,0.0
5971.JPG,0.0,0.0
5972.JPG,0.0,0.0
5973.JPG,0.0,0.0
5974.JPG,0.0,0.0
5975.JPG,0.0,0.0
5976.JPG,0.0,0.0
5977.JPG,0.0,0.0
5978.JPG,0.0,0.0
5979.JPG,0.0,0.0
5980.JPG,0.0,0.0
5981.JPG,0.0,0.0
5982.JPG,0.0,0.0
5983.JPG,0.0,0.0
5984.JPG,0.0,0.0
5985.JPG,0.0,0.0
5986.JPG,0.0,0.0
5987.JPG,0.0,0.0
5988.JPG,0.0,0.0
5989.JPG,0.0,0.0
5990.JPG,0.0,0.0
5991.JPG,0.0,0.0
5992.JPG,0.0,0.0
5993.JPG,0.0,0.0
5994.JPG,0.0,0.0
5995.JPG,0.0,0.0
5996.JPG,0.0,0.0
5997.JPG,0.0,0.0
5998.JPG,0.0,0.0
5999.JPG,0.0,0.0
6000.JPG,0.0,0.0
6001.JPG,0.0,0.0
6002.JPG,0.0,0.0
6003.JPG,0.0,0.0
6004.JPG,0.0,0.0
6005.JPG,0.0,0.0
6006.JPG,0.0,0.0
6007.jpg,0.0,0.0
6008.JPG,0.0,0.0
6009.JPG,0.0,0.0
6010.JPG,0.0,0.0
6011.JPG,0.0,0.0
6012.JPG,0.0,0.0
6013.JPG,0.0,0.0
6014.JPG,0.0,0.0
6015.JPG,0.0,0.0
6016.JPG,0.0,0.0
6017.JPG,0.0,0.0
6018.JPG,0.0,0.0
6019.JPG,0.0,0.0
6020.JPG,0.0,0.0
6021.JPG,0.0,0.0
6022.JPG,0.0,0.0
6023.jpg,0.0,0.0
6024.JPG,0.0,0.0
6025.JPG,0.0,0.0
6026.JPG,0.0,0.0
6027.JPG,0.0,0.0
6028.JPG,0.0,0.0
6029.JPG,0.0,0.0
6030.JPG,0.0,0.0
6031.JPG,0.0,0.0
6032.JPG,0.0,0.0
6033.JPG,0.0,0.0
6034.JPG,0.0,0.0
6035.JPG,0.0,0.0
6036.JPG,0.0,0.0
6037.JPG,0.0,0.0
6038.JPG,0.0,0.0
6039.JPG,0.0,0.0
6040.JPG,0.0,0.0
6041.JPG,0.0,0.0
6042.JPG,0.0,0.0
6043.JPG,0.0,0.0
6044.JPG,0.0,0.0
6045.JPG,0.0,0.0
6046.JPG,0.0,0.0
6047.JPG,0.0,0.0
6048.JPG,0.0,0.0
6049.JPG,0.0,0.0
6050.JPG,0.0,0.0
6051.JPG,0.0,0.0
6052.JPG,0.0,0.0
6053.JPG,0.0,0.0
6054.JPG,0.0,0.0
6055.JPG,0.0,0.0
6056.JPG,0.0,0.0
6057.JPG,0.0,0.0
6058.JPG,0.0,0.0
6059.JPG,0.0,0.0
6060.JPG,0.0,0.0
6061.JPG,0.0,0.0
6062.JPG,0.0,0.0
6063.JPG,0.0,0.0
6064.JPG,0.0,0.0
6065.JPG,0.0,0.0
6066.JPG,0.0,0.0
6067.JPG,0.0,0.0
6068.JPG,0.0,0.0
6069.JPG,0.0,0.0
6070.JPG,0.0,0.0
6071.JPG,0.0,0.0
6072.JPG,0.0,0.0
6073.JPG,0.0,0.0
6074.JPG,0.0,0.0
6075.JPG,0.0,0.0
6076.JPG,0.0,0.0
6077.JPG,0.0,0.0
6078.JPG,0.0,0.0
6079.JPG,0.0,0.0
6080.JPG,0.0,0.0
6081.JPG,0.0,0.0
6082.JPG,0.0,0.0
6083.JPG,0.0,0.0
6084.JPG,0.0,0.0
6085.JPG,0.0,0.0
6086.JPG,0.0,0.0
6087.JPG,0.0,0.0
6088.JPG,0.0,0.0
6089.JPG,0.0,0.0
6090.JPG,0.0,0.0
6091.JPG,0.0,0.0
6092.JPG,0.0,0.0
6093.JPG,0.0,0.0
6094.JPG,0.0,0.0
6095.JPG,0.0,0.0
6096.JPG,0.0,0.0
6097.JPG,0.0,0.0
6098.JPG,0.0,0.0
6099.JPG,0.0,0.0
6100.JPG,0.0,0.0
6101.JPG,0.0,0.0
6102.JPG,0.0,0.0
6103.JPG,0.0,0.0
6104.JPG,0.0,0.0
6105.JPG,2.0,"['{""cx"":2807,""cy"":1603,""r"":84}', '{""cx"":2736,""cy"":801,""r"":85}']"
6106.JPG,0.0,0.0
6107.JPG,0.0,0.0
6108.JPG,0.0,0.0
6109.JPG,0.0,0.0
6110.JPG,0.0,0.0
6111.JPG,0.0,0.0
6112.JPG,0.0,0.0
6113.JPG,0.0,0.0
6114.JPG,0.0,0.0
6115.JPG,0.0,0.0
6116.JPG,0.0,0.0
6117.JPG,0.0,0.0
6118.JPG,0.0,0.0
6119.JPG,0.0,0.0
6120.JPG,0.0,0.0
6121.JPG,0.0,0.0
6122.JPG,0.0,0.0
6123.JPG,0.0,0.0
6124.JPG,0.0,0.0
6125.JPG,0.0,0.0
6126.JPG,0.0,0.0
6127.JPG,0.0,0.0
6128.JPG,0.0,0.0
6129.JPG,0.0,0.0
6130.JPG,0.0,0.0
6131.JPG,0.0,0.0
6132.JPG,0.0,0.0
6133.JPG,0.0,0.0
6134.JPG,0.0,0.0
6135.JPG,0.0,0.0
6136.JPG,0.0,0.0
6137.JPG,0.0,0.0
6138.JPG,0.0,0.0
6139.JPG,0.0,0.0
6140.JPG,0.0,0.0
6141.JPG,0.0,0.0
6142.JPG,0.0,0.0
6143.JPG,0.0,0.0
6144.JPG,0.0,0.0
6145.JPG,0.0,0.0
6146.JPG,2.0,"['{""cx"":3226,""cy"":1030,""r"":94.856}', '{""cx"":3388,""cy"":1084,""r"":107}']"
6147.JPG,0.0,0.0
6148.JPG,0.0,0.0
6149.JPG,0.0,0.0
6150.JPG,0.0,0.0
6151.JPG,0.0,0.0
6152.JPG,0.0,0.0
6153.JPG,2.0,"['{""cx"":2193,""cy"":2053,""r"":95}', '{""cx"":2092,""cy"":2054,""r"":106}']"
6154.JPG,0.0,0.0
6155.JPG,0.0,0.0
6156.JPG,0.0,0.0
6157.JPG,0.0,0.0
6158.JPG,0.0,0.0
6159.JPG,0.0,0.0
6160.jpg,0.0,0.0
6161.JPG,0.0,0.0
6162.JPG,0.0,0.0
6163.JPG,0.0,0.0
6164.JPG,0.0,0.0
6165.JPG,0.0,0.0
6166.JPG,0.0,0.0
6167.JPG,0.0,0.0
6168.JPG,0.0,0.0
6169.JPG,0.0,0.0
6170.JPG,0.0,0.0
6171.JPG,0.0,0.0
6172.JPG,0.0,0.0
6173.JPG,0.0,0.0
6174.JPG,0.0,0.0
6175.JPG,0.0,0.0
6176.JPG,0.0,0.0
6177.JPG,0.0,0.0
6178.JPG,0.0,0.0
6179.JPG,0.0,0.0
6180.JPG,0.0,0.0
6181.JPG,0.0,0.0
6182.JPG,0.0,0.0
6183.JPG,0.0,0.0
6184.JPG,0.0,0.0
6185.JPG,0.0,0.0
6186.JPG,0.0,0.0
6187.JPG,0.0,0.0
6188.JPG,0.0,0.0
6189.JPG,0.0,0.0
6190.JPG,0.0,0.0
6191.JPG,0.0,0.0
6192.JPG,0.0,0.0
6193.JPG,0.0,0.0
6194.JPG,0.0,0.0
6195.JPG,0.0,0.0
6196.JPG,0.0,0.0
6197.JPG,0.0,0.0
6198.JPG,0.0,0.0
6199.JPG,0.0,0.0
6200.JPG,0.0,0.0
6201.JPG,0.0,0.0
6202.JPG,0.0,0.0
6203.JPG,0.0,0.0
6204.JPG,0.0,0.0
6205.JPG,0.0,0.0
6206.JPG,0.0,0.0
6207.JPG,0.0,0.0
6208.JPG,0.0,0.0
6209.JPG,0.0,0.0
6210.JPG,0.0,0.0
6211.JPG,0.0,0.0
6212.JPG,0.0,0.0
6213.JPG,0.0,0.0
6214.JPG,0.0,0.0
6215.JPG,0.0,0.0
6216.JPG,0.0,0.0
6217.JPG,0.0,0.0
6218.JPG,0.0,0.0
6219.JPG,1.0,"['{""cx"":2408,""cy"":2304,""r"":125}']"
6220.JPG,0.0,0.0
6221.JPG,2.0,"['{""cx"":3193,""cy"":1715,""r"":88}', '{""cx"":3394,""cy"":1716,""r"":60}']"
6222.JPG,0.0,0.0
6223.JPG,0.0,0.0
6224.JPG,0.0,0.0
6225.JPG,0.0,0.0
6226.JPG,0.0,0.0
6227.JPG,0.0,0.0
6228.JPG,0.0,0.0
6229.JPG,0.0,0.0
6230.JPG,0.0,0.0
6231.JPG,0.0,0.0
6232.JPG,0.0,0.0
6233.JPG,2.0,"['{""cx"":4197,""cy"":1489,""r"":87}', '{""cx"":4299,""cy"":1521,""r"":69}']"
6234.JPG,0.0,0.0
6235.JPG,0.0,0.0
6236.JPG,0.0,0.0
6237.JPG,0.0,0.0
6238.JPG,0.0,0.0
6239.JPG,0.0,0.0
6240.JPG,0.0,0.0
6241.JPG,0.0,0.0
6242.JPG,0.0,0.0
6243.JPG,0.0,0.0
6244.JPG,0.0,0.0
6245.JPG,0.0,0.0
6246.JPG,0.0,0.0
6247.JPG,0.0,0.0
6248.JPG,0.0,0.0
6249.JPG,0.0,0.0
6250.JPG,0.0,0.0
6251.JPG,0.0,0.0
6252.JPG,0.0,0.0
6253.JPG,0.0,0.0
6254.JPG,0.0,0.0
6255.JPG,0.0,0.0
6256.JPG,0.0,0.0
6257.JPG,0.0,0.0
6258.JPG,0.0,0.0
6259.JPG,0.0,0.0
6260.JPG,0.0,0.0
6261.JPG,0.0,0.0
6262.JPG,0.0,0.0
6263.JPG,0.0,0.0
6264.JPG,0.0,0.0
6265.JPG,0.0,0.0
6266.JPG,0.0,0.0
6267.JPG,0.0,0.0
6268.JPG,0.0,0.0
6269.JPG,0.0,0.0
6270.JPG,0.0,0.0
6271.JPG,0.0,0.0
6272.JPG,0.0,0.0
6273.JPG,0.0,0.0
6274.JPG,0.0,0.0
6275.JPG,0.0,0.0
6276.JPG,0.0,0.0
6277.JPG,0.0,0.0
6278.JPG,0.0,0.0
6279.JPG,0.0,0.0
6280.JPG,0.0,0.0
6281.JPG,0.0,0.0
6282.JPG,0.0,0.0
6283.JPG,0.0,0.0
6284.JPG,0.0,0.0
6285.JPG,0.0,0.0
6286.JPG,0.0,0.0
6287.JPG,0.0,0.0
6288.JPG,0.0,0.0
6289.JPG,0.0,0.0
6290.JPG,0.0,0.0
6291.JPG,0.0,0.0
6292.JPG,0.0,0.0
6293.JPG,0.0,0.0
6294.JPG,0.0,0.0
6295.JPG,0.0,0.0
6296.JPG,0.0,0.0
6297.JPG,0.0,0.0
6298.JPG,0.0,0.0
6299.JPG,0.0,0.0
6300.JPG,0.0,0.0
6301.JPG,0.0,0.0
6302.JPG,0.0,0.0
6303.JPG,0.0,0.0
6304.JPG,0.0,0.0
6305.JPG,0.0,0.0
6306.jpg,0.0,0.0
6307.JPG,0.0,0.0
6308.JPG,0.0,0.0
6309.JPG,0.0,0.0
6310.JPG,0.0,0.0
6311.JPG,0.0,0.0
6312.JPG,0.0,0.0
6313.JPG,0.0,0.0
6314.JPG,0.0,0.0
6315.JPG,0.0,0.0
6316.JPG,0.0,0.0
6317.JPG,0.0,0.0
6318.JPG,0.0,0.0
6319.JPG,0.0,0.0
6320.JPG,0.0,0.0
6321.JPG,0.0,0.0
6322.JPG,0.0,0.0
6323.JPG,0.0,0.0
6324.JPG,0.0,0.0
6325.JPG,0.0,0.0
6326.JPG,0.0,0.0
6327.JPG,0.0,0.0
6328.JPG,0.0,0.0
6329.JPG,0.0,0.0
6330.JPG,0.0,0.0
6331.JPG,0.0,0.0
6332.JPG,0.0,0.0
6333.JPG,0.0,0.0
6334.JPG,0.0,0.0
6335.JPG,0.0,0.0
6336.JPG,0.0,0.0
6337.JPG,0.0,0.0
6338.JPG,0.0,0.0
6339.JPG,0.0,0.0
6340.JPG,0.0,0.0
6341.JPG,0.0,0.0
6342.JPG,0.0,0.0
6343.JPG,0.0,0.0
6344.JPG,0.0,0.0
6345.JPG,0.0,0.0
6346.JPG,0.0,0.0
6347.JPG,0.0,0.0
6348.JPG,0.0,0.0
6349.JPG,0.0,0.0
6350.JPG,0.0,0.0
6351.jpg,0.0,0.0
6352.JPG,0.0,0.0
6353.JPG,0.0,0.0
6354.JPG,0.0,0.0
6355.JPG,0.0,0.0
6356.JPG,0.0,0.0
6357.JPG,0.0,0.0
6358.JPG,0.0,0.0
6359.JPG,0.0,0.0
6360.JPG,0.0,0.0
6361.JPG,0.0,0.0
6362.JPG,0.0,0.0
6363.JPG,0.0,0.0
6364.JPG,0.0,0.0
6365.JPG,0.0,0.0
6366.JPG,0.0,0.0
6367.JPG,0.0,0.0
6368.JPG,2.0,"['{""cx"":1553,""cy"":2047,""r"":103}', '{""cx"":2105,""cy"":1495,""r"":140}']"
6369.JPG,0.0,0.0
6370.JPG,0.0,0.0
6371.JPG,0.0,0.0
6372.JPG,0.0,0.0
6373.JPG,0.0,0.0
6374.JPG,0.0,0.0
6375.JPG,0.0,0.0
6376.JPG,0.0,0.0
6377.JPG,0.0,0.0
6378.JPG,0.0,0.0
6379.JPG,0.0,0.0
6380.JPG,0.0,0.0
6381.JPG,0.0,0.0
6382.JPG,0.0,0.0
6383.JPG,0.0,0.0
6384.JPG,0.0,0.0
6385.JPG,0.0,0.0
6386.JPG,0.0,0.0
6387.JPG,0.0,0.0
6388.JPG,0.0,0.0
6389.JPG,0.0,0.0
6390.JPG,0.0,0.0
6391.JPG,0.0,0.0
6392.JPG,0.0,0.0
6393.JPG,0.0,0.0
6394.JPG,0.0,0.0
6395.JPG,0.0,0.0
6396.JPG,0.0,0.0
6397.JPG,0.0,0.0
6398.JPG,0.0,0.0
6399.JPG,0.0,0.0
6400.JPG,0.0,0.0
6401.JPG,0.0,0.0
6402.JPG,0.0,0.0
6403.JPG,0.0,0.0
6404.JPG,0.0,0.0
6405.JPG,0.0,0.0
6406.JPG,0.0,0.0
6407.JPG,0.0,0.0
6408.JPG,0.0,0.0
6409.JPG,0.0,0.0
6410.JPG,0.0,0.0
6411.JPG,0.0,0.0
6412.JPG,0.0,0.0
6413.JPG,0.0,0.0
6414.JPG,0.0,0.0
6415.JPG,0.0,0.0
6416.JPG,0.0,0.0
6417.JPG,0.0,0.0
6418.JPG,0.0,0.0
6419.JPG,0.0,0.0
6420.JPG,0.0,0.0
6421.JPG,0.0,0.0
6422.JPG,0.0,0.0
6423.JPG,0.0,0.0
6424.JPG,0.0,0.0
6425.JPG,0.0,0.0
6426.JPG,0.0,0.0
6427.JPG,0.0,0.0
6428.JPG,0.0,0.0
6429.JPG,0.0,0.0
6430.JPG,0.0,0.0
6431.JPG,0.0,0.0
6432.JPG,0.0,0.0
6433.JPG,0.0,0.0
6434.JPG,0.0,0.0
6435.JPG,0.0,0.0
6436.JPG,0.0,0.0
6437.JPG,0.0,0.0
6438.JPG,0.0,0.0
6439.JPG,0.0,0.0
6440.JPG,0.0,0.0
6441.JPG,0.0,0.0
6442.JPG,0.0,0.0
6443.JPG,0.0,0.0
6444.JPG,0.0,0.0
6445.JPG,0.0,0.0
6446.JPG,0.0,0.0
6447.JPG,0.0,0.0
6448.JPG,0.0,0.0
6449.JPG,0.0,0.0
6450.JPG,0.0,0.0
6451.JPG,0.0,0.0
6452.JPG,0.0,0.0
6453.JPG,0.0,0.0
6454.JPG,0.0,0.0
6455.JPG,0.0,0.0
6456.JPG,0.0,0.0
6457.JPG,0.0,0.0
6458.JPG,0.0,0.0
6459.JPG,0.0,0.0
6460.JPG,0.0,0.0
6461.JPG,0.0,0.0
6462.JPG,0.0,0.0
6463.JPG,0.0,0.0
6464.JPG,0.0,0.0
6465.JPG,0.0,0.0
6466.JPG,0.0,0.0
6467.JPG,0.0,0.0
6468.JPG,0.0,0.0
6469.JPG,0.0,0.0
6470.JPG,0.0,0.0
6471.JPG,0.0,0.0
6472.JPG,0.0,0.0
6473.JPG,0.0,0.0
6474.JPG,0.0,0.0
6475.JPG,0.0,0.0
6476.JPG,0.0,0.0
6477.JPG,0.0,0.0
6478.jpg,10.0,"['{""cx"":2466,""cy"":1079,""r"":82}', '{""cx"":2300,""cy"":2063,""r"":89}', '{""cx"":2381,""cy"":2312,""r"":123}', '{""cx"":104,""cy"":801,""r"":107}', '{""cx"":237,""cy"":453,""r"":110}', '{""cx"":2166,""cy"":2283,""r"":73}', '{""cx"":2194,""cy"":2019,""r"":79}', '{""cx"":2101,""cy"":2074,""r"":70}', '{""cx"":3262,""cy"":1227,""r"":100}', '{""cx"":3416,""cy"":1400,""r"":81}']"
6479.JPG,0.0,0.0
6480.JPG,0.0,0.0
6481.JPG,0.0,0.0
6482.JPG,0.0,0.0
6483.JPG,0.0,0.0
6484.JPG,0.0,0.0
6485.JPG,0.0,0.0
6486.JPG,0.0,0.0
6487.JPG,0.0,0.0
6488.JPG,0.0,0.0
6489.JPG,0.0,0.0
6490.JPG,0.0,0.0
6491.JPG,0.0,0.0
6492.JPG,0.0,0.0
6493.JPG,0.0,0.0
6494.JPG,0.0,0.0
6495.JPG,0.0,0.0
6496.JPG,0.0,0.0
6497.JPG,0.0,0.0
6498.JPG,0.0,0.0
6499.JPG,0.0,0.0
6500.JPG,0.0,0.0
6501.JPG,0.0,0.0
6502.JPG,0.0,0.0
6503.JPG,0.0,0.0
6504.JPG,0.0,0.0
6505.JPG,0.0,0.0
6506.JPG,0.0,0.0
6507.JPG,0.0,0.0
6508.JPG,0.0,0.0
6509.JPG,0.0,0.0
6510.JPG,0.0,0.0
6511.JPG,0.0,0.0
6512.JPG,0.0,0.0
6513.JPG,0.0,0.0
6514.JPG,0.0,0.0
6515.JPG,0.0,0.0
6516.JPG,0.0,0.0
6517.JPG,0.0,0.0
6518.JPG,0.0,0.0
6519.JPG,0.0,0.0
6520.JPG,0.0,0.0
6521.JPG,0.0,0.0
6522.JPG,0.0,0.0
6523.JPG,0.0,0.0
6524.JPG,0.0,0.0
6525.JPG,0.0,0.0
6526.JPG,0.0,0.0
6527.JPG,0.0,0.0
6528.JPG,0.0,0.0
6529.JPG,0.0,0.0
6530.JPG,0.0,0.0
6531.JPG,0.0,0.0
6532.JPG,0.0,0.0
6533.JPG,0.0,0.0
6534.JPG,0.0,0.0
6535.JPG,0.0,0.0
6536.JPG,0.0,0.0
6537.JPG,0.0,0.0
6538.JPG,0.0,0.0
6539.JPG,0.0,0.0
6540.JPG,0.0,0.0
6541.JPG,0.0,0.0
6542.JPG,0.0,0.0
6543.JPG,0.0,0.0
6544.JPG,0.0,0.0
6545.JPG,0.0,0.0
6546.JPG,0.0,0.0
6547.JPG,0.0,0.0
6548.JPG,0.0,0.0
6549.JPG,0.0,0.0
6550.JPG,0.0,0.0
6551.JPG,0.0,0.0
6552.JPG,0.0,0.0
6553.JPG,0.0,0.0
6554.JPG,0.0,0.0
6555.JPG,0.0,0.0
6556.JPG,0.0,0.0
6557.JPG,0.0,0.0
6558.JPG,0.0,0.0
6559.JPG,0.0,0.0
6560.JPG,0.0,0.0
6561.JPG,5.0,"['{""cx"":2396,""cy"":1187,""r"":111}', '{""cx"":2765,""cy"":2097,""r"":56}', '{""cx"":5350,""cy"":1104,""r"":63}', '{""cx"":5271,""cy"":1081,""r"":62}', '{""cx"":5176,""cy"":1077,""r"":54}']"
6562.JPG,0.0,0.0
6563.JPG,0.0,0.0
6564.JPG,0.0,0.0
6565.JPG,0.0,0.0
6566.JPG,0.0,0.0
6567.JPG,0.0,0.0
6568.JPG,0.0,0.0
6569.JPG,0.0,0.0
6570.JPG,0.0,0.0
6571.JPG,0.0,0.0
6572.JPG,0.0,0.0
6573.JPG,0.0,0.0
6574.JPG,0.0,0.0
6575.JPG,0.0,0.0
6576.JPG,0.0,0.0
6577.JPG,0.0,0.0
6578.JPG,0.0,0.0
6579.JPG,0.0,0.0
6580.JPG,0.0,0.0
6581.JPG,0.0,0.0
6582.JPG,0.0,0.0
6583.JPG,0.0,0.0
6584.JPG,0.0,0.0
6585.JPG,0.0,0.0
6586.JPG,0.0,0.0
6587.JPG,0.0,0.0
6588.JPG,0.0,0.0
6589.JPG,0.0,0.0
6590.JPG,0.0,0.0
6591.JPG,0.0,0.0
6592.JPG,0.0,0.0
6593.JPG,0.0,0.0
6594.JPG,0.0,0.0
6595.JPG,0.0,0.0
6596.JPG,0.0,0.0
6597.JPG,0.0,0.0
6598.JPG,0.0,0.0
6599.JPG,0.0,0.0
6600.JPG,0.0,0.0
6601.JPG,0.0,0.0
6602.JPG,0.0,0.0
6603.JPG,0.0,0.0
6604.JPG,0.0,0.0
6605.JPG,0.0,0.0
6606.JPG,0.0,0.0
6607.jpg,0.0,0.0
6608.JPG,0.0,0.0
6609.JPG,0.0,0.0
6610.JPG,0.0,0.0
6611.JPG,0.0,0.0
6612.JPG,0.0,0.0
6613.JPG,0.0,0.0
6614.JPG,0.0,0.0
6615.JPG,0.0,0.0
6616.JPG,0.0,0.0
6617.JPG,0.0,0.0
6618.JPG,0.0,0.0
6619.JPG,0.0,0.0
6620.JPG,0.0,0.0
6621.JPG,0.0,0.0
6622.JPG,0.0,0.0
6623.JPG,0.0,0.0
6624.JPG,0.0,0.0
6625.JPG,0.0,0.0
6626.JPG,0.0,0.0
6627.JPG,0.0,0.0
6628.JPG,0.0,0.0
6629.JPG,0.0,0.0
6630.JPG,0.0,0.0
6631.JPG,0.0,0.0
6632.JPG,0.0,0.0
6633.JPG,0.0,0.0
6634.JPG,0.0,0.0
6635.JPG,0.0,0.0
6636.JPG,0.0,0.0
6637.JPG,0.0,0.0
6638.JPG,0.0,0.0
6639.JPG,0.0,0.0
6640.JPG,0.0,0.0
6641.JPG,0.0,0.0
6642.JPG,0.0,0.0
6643.JPG,0.0,0.0
6644.JPG,0.0,0.0
6645.JPG,0.0,0.0
6646.JPG,0.0,0.0
6647.JPG,0.0,0.0
6648.JPG,0.0,0.0
6649.JPG,0.0,0.0
6650.JPG,0.0,0.0
6651.JPG,0.0,0.0
6652.JPG,0.0,0.0
6653.JPG,0.0,0.0
6654.JPG,0.0,0.0
6655.JPG,0.0,0.0
6656.JPG,0.0,0.0
6657.JPG,0.0,0.0
6658.JPG,0.0,0.0
6659.JPG,0.0,0.0
6660.JPG,0.0,0.0
6661.JPG,0.0,0.0
6662.JPG,0.0,0.0
6663.JPG,0.0,0.0
6664.JPG,0.0,0.0
6665.JPG,0.0,0.0
6666.JPG,0.0,0.0
6667.JPG,0.0,0.0
6668.JPG,0.0,0.0
6669.JPG,0.0,0.0
6670.JPG,0.0,0.0
6671.JPG,0.0,0.0
6672.JPG,0.0,0.0
6673.JPG,0.0,0.0
6674.JPG,0.0,0.0
6675.JPG,0.0,0.0
6676.JPG,0.0,0.0
6677.JPG,0.0,0.0
6678.JPG,0.0,0.0
6679.JPG,0.0,0.0
6680.JPG,0.0,0.0
6681.JPG,0.0,0.0
6682.JPG,0.0,0.0
6683.JPG,0.0,0.0
6684.JPG,1.0,"['{""cx"":2894,""cy"":1071,""r"":130}']"
6685.JPG,0.0,0.0
6686.JPG,0.0,0.0
6687.JPG,0.0,0.0
6688.JPG,0.0,0.0
6689.JPG,0.0,0.0
6690.JPG,0.0,0.0
6691.JPG,0.0,0.0
6692.JPG,0.0,0.0
6693.JPG,0.0,0.0
6694.JPG,0.0,0.0
6695.JPG,0.0,0.0
6696.JPG,0.0,0.0
6697.JPG,0.0,0.0
6698.JPG,0.0,0.0
6699.JPG,0.0,0.0
6700.JPG,0.0,0.0
6701.JPG,0.0,0.0
6702.JPG,0.0,0.0
6703.JPG,0.0,0.0
6704.JPG,0.0,0.0
6705.jpg,0.0,0.0
6706.JPG,0.0,0.0
6707.JPG,0.0,0.0
6708.JPG,0.0,0.0
6709.JPG,0.0,0.0
6710.JPG,0.0,0.0
6711.JPG,0.0,0.0
6712.JPG,0.0,0.0
6713.JPG,0.0,0.0
6714.jpg,1.0,"['{""cx"":3234,""cy"":3261,""r"":80}']"
6715.JPG,0.0,0.0
6716.JPG,0.0,0.0
6717.JPG,0.0,0.0
6718.JPG,0.0,0.0
6719.JPG,0.0,0.0
6720.JPG,0.0,0.0
6721.JPG,0.0,0.0
6722.JPG,0.0,0.0
6723.JPG,0.0,0.0
6724.JPG,0.0,0.0
6725.JPG,0.0,0.0
6726.JPG,0.0,0.0
6727.JPG,0.0,0.0
6728.JPG,0.0,0.0
6729.JPG,0.0,0.0
6730.JPG,0.0,0.0
6731.JPG,0.0,0.0
6732.JPG,0.0,0.0
6733.JPG,0.0,0.0
6734.JPG,0.0,0.0
6735.JPG,0.0,0.0
6736.JPG,0.0,0.0
6737.JPG,0.0,0.0
6738.JPG,0.0,0.0
6739.JPG,0.0,0.0
6740.JPG,0.0,0.0
6741.JPG,5.0,"['{""cx"":3197,""cy"":2647,""r"":60}', '{""cx"":3237,""cy"":2538,""r"":56}', '{""cx"":2298,""cy"":2257,""r"":65}', '{""cx"":3215,""cy"":1252,""r"":56}', '{""cx"":2349,""cy"":2359,""r"":58.963}']"
6742.JPG,0.0,0.0
6743.JPG,0.0,0.0
6744.JPG,0.0,0.0
6745.JPG,0.0,0.0
6746.JPG,0.0,0.0
6747.JPG,0.0,0.0
6748.JPG,0.0,0.0
6749.JPG,0.0,0.0
6750.JPG,0.0,0.0
6751.JPG,0.0,0.0
6752.JPG,0.0,0.0
6753.JPG,0.0,0.0
6754.JPG,0.0,0.0
6755.JPG,0.0,0.0
6756.JPG,0.0,0.0
6757.JPG,0.0,0.0
6758.JPG,0.0,0.0
6759.JPG,0.0,0.0
6760.JPG,0.0,0.0
6761.JPG,0.0,0.0
6762.JPG,0.0,0.0
6763.JPG,0.0,0.0
6764.JPG,0.0,0.0
6765.JPG,0.0,0.0
6766.JPG,0.0,0.0
6767.JPG,0.0,0.0
6768.JPG,0.0,0.0
6769.JPG,0.0,0.0
6770.JPG,0.0,0.0
6771.JPG,0.0,0.0
6772.JPG,0.0,0.0
6773.JPG,0.0,0.0
6774.JPG,0.0,0.0
6775.JPG,0.0,0.0
6776.JPG,0.0,0.0
6777.JPG,0.0,0.0
6778.JPG,0.0,0.0
6779.JPG,0.0,0.0
6780.JPG,0.0,0.0
6781.JPG,0.0,0.0
6782.JPG,0.0,0.0
6783.JPG,0.0,0.0
6784.JPG,0.0,0.0
6785.JPG,0.0,0.0
6786.JPG,0.0,0.0
6787.JPG,0.0,0.0
6788.JPG,0.0,0.0
6789.JPG,0.0,0.0
6790.JPG,0.0,0.0
6791.JPG,0.0,0.0
6792.JPG,0.0,0.0
6793.JPG,0.0,0.0
6794.JPG,0.0,0.0
6795.JPG,0.0,0.0
6796.JPG,0.0,0.0
6797.JPG,0.0,0.0
6798.JPG,0.0,0.0
6799.JPG,0.0,0.0
6800.JPG,0.0,0.0
6801.JPG,0.0,0.0
6802.JPG,0.0,0.0
6803.JPG,0.0,0.0
6804.JPG,0.0,0.0
6805.JPG,0.0,0.0
6806.JPG,0.0,0.0
6807.JPG,0.0,0.0
6808.JPG,0.0,0.0
6809.JPG,0.0,0.0
6810.JPG,0.0,0.0
6811.JPG,0.0,0.0
6812.JPG,0.0,0.0
6813.JPG,0.0,0.0
6814.JPG,0.0,0.0
6815.JPG,0.0,0.0
6816.JPG,0.0,0.0
6817.JPG,0.0,0.0
6818.JPG,0.0,0.0
6819.JPG,0.0,0.0
6820.JPG,0.0,0.0
6821.JPG,0.0,0.0
6822.JPG,0.0,0.0
6823.JPG,0.0,0.0
6824.JPG,0.0,0.0
6825.JPG,0.0,0.0
6826.JPG,0.0,0.0
6827.JPG,0.0,0.0
6828.JPG,0.0,0.0
6829.JPG,0.0,0.0
6830.JPG,0.0,0.0
6831.jpg,0.0,0.0
6832.JPG,0.0,0.0
6833.JPG,0.0,0.0
6834.JPG,0.0,0.0
6835.JPG,0.0,0.0
6836.JPG,0.0,0.0
6837.JPG,0.0,0.0
6838.JPG,0.0,0.0
6839.JPG,0.0,0.0
6840.JPG,0.0,0.0
6841.JPG,0.0,0.0
6842.JPG,0.0,0.0
6843.JPG,0.0,0.0
6844.JPG,0.0,0.0
6845.JPG,0.0,0.0
6846.JPG,0.0,0.0
6847.JPG,0.0,0.0
6848.JPG,0.0,0.0
6849.JPG,0.0,0.0
6850.JPG,0.0,0.0
6851.JPG,0.0,0.0
6852.jpg,0.0,0.0
6853.JPG,0.0,0.0
6854.JPG,2.0,"['{""cx"":2782,""cy"":934,""r"":110}', '{""cx"":2246,""cy"":316,""r"":148}']"
6855.JPG,0.0,0.0
6856.JPG,0.0,0.0
6857.JPG,0.0,0.0
6858.JPG,0.0,0.0
6859.JPG,0.0,0.0
6860.JPG,0.0,0.0
6861.JPG,0.0,0.0
6862.JPG,0.0,0.0
6863.JPG,0.0,0.0
6864.JPG,0.0,0.0
6865.JPG,0.0,0.0
6866.JPG,0.0,0.0
6867.JPG,0.0,0.0
6868.JPG,0.0,0.0
6869.JPG,0.0,0.0
6870.JPG,0.0,0.0
6871.JPG,0.0,0.0
6872.JPG,0.0,0.0
6873.JPG,0.0,0.0
6874.JPG,0.0,0.0
6875.JPG,0.0,0.0
6876.JPG,0.0,0.0
6877.JPG,0.0,0.0
6878.JPG,0.0,0.0
6879.JPG,0.0,0.0
6880.JPG,0.0,0.0
6881.JPG,0.0,0.0
6882.JPG,0.0,0.0
6883.JPG,0.0,0.0
6884.JPG,0.0,0.0
6885.JPG,0.0,0.0
6886.JPG,0.0,0.0
6887.JPG,0.0,0.0
6888.JPG,0.0,0.0
6889.JPG,0.0,0.0
6890.JPG,0.0,0.0
6891.JPG,0.0,0.0
6892.JPG,0.0,0.0
6893.JPG,0.0,0.0
6894.JPG,0.0,0.0
6895.JPG,0.0,0.0
6896.JPG,0.0,0.0
6897.JPG,0.0,0.0
6898.JPG,0.0,0.0
6899.JPG,0.0,0.0
6900.JPG,0.0,0.0
6901.JPG,0.0,0.0
6902.JPG,0.0,0.0
6903.JPG,0.0,0.0
6904.JPG,0.0,0.0
6905.JPG,0.0,0.0
6906.JPG,3.0,"['{""cx"":3986,""cy"":1183,""r"":86}', '{""cx"":2574,""cy"":864,""r"":118}', '{""cx"":2375,""cy"":938,""r"":104}']"
6907.JPG,0.0,0.0
6908.JPG,2.0,"['{""cx"":2363,""cy"":1655,""r"":126}', '{""cx"":2314,""cy"":1771,""r"":106}']"
6909.JPG,0.0,0.0
6910.JPG,0.0,0.0
6911.JPG,2.0,"['{""cx"":2894,""cy"":1229,""r"":124.898}', '{""cx"":2902,""cy"":1104,""r"":130}']"
6912.JPG,0.0,0.0
6913.JPG,0.0,0.0
6914.JPG,0.0,0.0
6915.JPG,0.0,0.0
6916.JPG,0.0,0.0
6917.JPG,0.0,0.0
6918.JPG,0.0,0.0
6919.JPG,0.0,0.0
6920.JPG,0.0,0.0
6921.JPG,0.0,0.0
6922.JPG,0.0,0.0
6923.JPG,0.0,0.0
6924.jpg,0.0,0.0
6925.JPG,0.0,0.0
6926.JPG,0.0,0.0
6927.jpg,0.0,0.0
6928.JPG,0.0,0.0
6929.JPG,0.0,0.0
6930.JPG,0.0,0.0
6931.JPG,0.0,0.0
6932.JPG,0.0,0.0
6933.JPG,0.0,0.0
6934.JPG,0.0,0.0
6935.JPG,0.0,0.0
6936.JPG,0.0,0.0
6937.JPG,0.0,0.0
6938.JPG,0.0,0.0
6939.JPG,0.0,0.0
6940.JPG,0.0,0.0
6941.JPG,0.0,0.0
6942.JPG,0.0,0.0
6943.JPG,0.0,0.0
6944.JPG,0.0,0.0
6945.JPG,0.0,0.0
6946.JPG,0.0,0.0
6947.JPG,0.0,0.0
6948.JPG,0.0,0.0
6949.JPG,0.0,0.0
6950.JPG,0.0,0.0
6951.JPG,0.0,0.0
6952.JPG,0.0,0.0
6953.JPG,0.0,0.0
6954.JPG,0.0,0.0
6955.JPG,0.0,0.0
6956.JPG,0.0,0.0
6957.JPG,0.0,0.0
6958.JPG,0.0,0.0
6959.JPG,0.0,0.0
6960.JPG,0.0,0.0
6961.JPG,0.0,0.0
6962.JPG,0.0,0.0
6963.JPG,0.0,0.0
6964.JPG,0.0,0.0
6965.JPG,0.0,0.0
6966.JPG,0.0,0.0
6967.JPG,0.0,0.0
6968.JPG,0.0,0.0
6969.JPG,0.0,0.0
6970.JPG,0.0,0.0
6971.JPG,0.0,0.0
6972.JPG,0.0,0.0
6973.JPG,0.0,0.0
6974.JPG,0.0,0.0
6975.JPG,0.0,0.0
6976.JPG,0.0,0.0
6977.JPG,0.0,0.0
6978.JPG,0.0,0.0
6979.JPG,0.0,0.0
6980.JPG,0.0,0.0
6981.JPG,0.0,0.0
6982.JPG,0.0,0.0
6983.JPG,0.0,0.0
6984.JPG,0.0,0.0
6985.JPG,0.0,0.0
6986.JPG,0.0,0.0
6987.JPG,0.0,0.0
6988.JPG,0.0,0.0
6989.JPG,0.0,0.0
6990.JPG,0.0,0.0
6991.JPG,0.0,0.0
6992.JPG,0.0,0.0
6993.JPG,0.0,0.0
6994.JPG,0.0,0.0
6995.JPG,0.0,0.0
6996.JPG,0.0,0.0
6997.JPG,0.0,0.0
6998.JPG,0.0,0.0
6999.JPG,0.0,0.0
7000.JPG,0.0,0.0
7001.JPG,0.0,0.0
7002.JPG,0.0,0.0
7003.JPG,0.0,0.0
7004.JPG,0.0,0.0
7005.JPG,0.0,0.0
7006.JPG,0.0,0.0
7007.JPG,0.0,0.0
7008.JPG,0.0,0.0
7009.JPG,0.0,0.0
7010.JPG,0.0,0.0
7011.JPG,0.0,0.0
7012.JPG,5.0,"['{""cx"":2278,""cy"":433,""r"":65}', '{""cx"":2235,""cy"":541,""r"":72}', '{""cx"":3159,""cy"":812,""r"":53}', '{""cx"":3106,""cy"":727,""r"":61}', '{""cx"":2245,""cy"":1823,""r"":70}']"
7013.JPG,0.0,0.0
7014.JPG,0.0,0.0
7015.JPG,0.0,0.0
7016.JPG,0.0,0.0
7017.JPG,0.0,0.0
7018.JPG,0.0,0.0
7019.JPG,0.0,0.0
7020.JPG,0.0,0.0
7021.JPG,0.0,0.0
7022.JPG,0.0,0.0
7023.jpg,0.0,0.0
7024.JPG,0.0,0.0
7025.JPG,0.0,0.0
7026.JPG,0.0,0.0
7027.JPG,0.0,0.0
7028.JPG,0.0,0.0
7029.JPG,0.0,0.0
7030.JPG,0.0,0.0
7031.JPG,0.0,0.0
7032.JPG,0.0,0.0
7033.JPG,0.0,0.0
7034.JPG,0.0,0.0
7035.JPG,0.0,0.0
7036.JPG,0.0,0.0
7037.JPG,0.0,0.0
7038.JPG,0.0,0.0
7039.JPG,0.0,0.0
7040.JPG,0.0,0.0
7041.JPG,0.0,0.0
7042.JPG,0.0,0.0
7043.JPG,0.0,0.0
7044.JPG,0.0,0.0
7045.JPG,0.0,0.0
7046.JPG,0.0,0.0
7047.JPG,0.0,0.0
7048.JPG,0.0,0.0
7049.JPG,2.0,"['{""cx"":2678,""cy"":1486,""r"":97}', '{""cx"":2736,""cy"":2296,""r"":121}']"
7050.JPG,0.0,0.0
7051.JPG,0.0,0.0
7052.JPG,0.0,0.0
7053.JPG,0.0,0.0
7054.JPG,0.0,0.0
7055.JPG,0.0,0.0
7056.JPG,0.0,0.0
7057.JPG,0.0,0.0
7058.JPG,0.0,0.0
7059.JPG,0.0,0.0
7060.JPG,0.0,0.0
7061.JPG,0.0,0.0
7062.JPG,0.0,0.0
7063.JPG,0.0,0.0
7064.JPG,0.0,0.0
7065.JPG,0.0,0.0
7066.JPG,0.0,0.0
7067.JPG,0.0,0.0
7068.JPG,0.0,0.0
7069.JPG,0.0,0.0
7070.JPG,0.0,0.0
7071.JPG,0.0,0.0
7072.JPG,0.0,0.0
7073.jpg,0.0,0.0
7074.JPG,0.0,0.0
7075.JPG,0.0,0.0
7076.JPG,0.0,0.0
7077.JPG,0.0,0.0
7078.JPG,2.0,"['{""cx"":3404,""cy"":3006,""r"":80}', '{""cx"":3284,""cy"":2989,""r"":82}']"
7079.JPG,0.0,0.0
7080.JPG,0.0,0.0
7081.JPG,0.0,0.0
7082.JPG,0.0,0.0
7083.JPG,0.0,0.0
7084.JPG,0.0,0.0
7085.JPG,0.0,0.0
7086.JPG,0.0,0.0
7087.JPG,0.0,0.0
7088.JPG,0.0,0.0
7089.JPG,0.0,0.0
7090.JPG,0.0,0.0
7091.JPG,0.0,0.0
7092.JPG,0.0,0.0
7093.JPG,0.0,0.0
7094.JPG,0.0,0.0
7095.JPG,0.0,0.0
7096.JPG,0.0,0.0
7097.JPG,0.0,0.0
7098.JPG,0.0,0.0
7099.JPG,0.0,0.0
7100.JPG,0.0,0.0
7101.JPG,0.0,0.0
7102.JPG,0.0,0.0
7103.JPG,0.0,0.0
7104.JPG,0.0,0.0
7105.JPG,0.0,0.0
7106.JPG,0.0,0.0
7107.JPG,0.0,0.0
7108.JPG,0.0,0.0
7109.JPG,0.0,0.0
7110.JPG,0.0,0.0
7111.JPG,0.0,0.0
7112.JPG,0.0,0.0
7113.JPG,0.0,0.0
7114.JPG,0.0,0.0
7115.JPG,0.0,0.0
7116.JPG,0.0,0.0
7117.JPG,0.0,0.0
7118.JPG,0.0,0.0
7119.JPG,0.0,0.0
7120.JPG,0.0,0.0
7121.JPG,0.0,0.0
7122.JPG,0.0,0.0
7123.JPG,0.0,0.0
7124.JPG,0.0,0.0
7125.JPG,0.0,0.0
7126.JPG,0.0,0.0
7127.JPG,0.0,0.0
7128.JPG,0.0,0.0
7129.JPG,0.0,0.0
7130.JPG,0.0,0.0
7131.JPG,0.0,0.0
7132.JPG,0.0,0.0
7133.JPG,0.0,0.0
7134.JPG,0.0,0.0
7135.JPG,0.0,0.0
7136.JPG,0.0,0.0
7137.JPG,0.0,0.0
7138.JPG,0.0,0.0
7139.JPG,0.0,0.0
7140.JPG,0.0,0.0
7141.JPG,0.0,0.0
7142.JPG,0.0,0.0
7143.JPG,0.0,0.0
7144.JPG,0.0,0.0
7145.JPG,0.0,0.0
7146.JPG,0.0,0.0
7147.JPG,0.0,0.0
7148.JPG,0.0,0.0
7149.JPG,0.0,0.0
7150.JPG,0.0,0.0
7151.JPG,0.0,0.0
7152.JPG,0.0,0.0
7153.JPG,0.0,0.0
7154.JPG,0.0,0.0
7155.JPG,0.0,0.0
7156.JPG,0.0,0.0
7157.JPG,0.0,0.0
7158.JPG,0.0,0.0
7159.JPG,0.0,0.0
7160.JPG,0.0,0.0
7161.JPG,0.0,0.0
7162.JPG,0.0,0.0
7163.JPG,0.0,0.0
7164.JPG,0.0,0.0
7165.JPG,0.0,0.0
7166.JPG,0.0,0.0
7167.JPG,0.0,0.0
7168.JPG,0.0,0.0
7169.JPG,0.0,0.0
7170.JPG,0.0,0.0
7171.JPG,0.0,0.0
7172.JPG,0.0,0.0
7173.JPG,0.0,0.0
7174.JPG,0.0,0.0
7175.JPG,0.0,0.0
7176.JPG,0.0,0.0
7177.JPG,0.0,0.0
7178.JPG,0.0,0.0
7179.JPG,0.0,0.0
7180.JPG,0.0,0.0
7181.JPG,0.0,0.0
7182.JPG,0.0,0.0
7183.JPG,0.0,0.0
7184.JPG,0.0,0.0
7185.JPG,0.0,0.0
7186.JPG,0.0,0.0
7187.JPG,0.0,0.0
7188.JPG,0.0,0.0
7189.JPG,0.0,0.0
7190.JPG,0.0,0.0
7191.JPG,0.0,0.0
7192.JPG,0.0,0.0
7193.JPG,0.0,0.0
7194.JPG,0.0,0.0
7195.JPG,0.0,0.0
7196.JPG,0.0,0.0
7197.JPG,0.0,0.0
7198.JPG,0.0,0.0
7199.JPG,0.0,0.0
7200.JPG,3.0,"['{""cx"":2831,""cy"":270,""r"":166}', '{""cx"":1976,""cy"":2030,""r"":119}', '{""cx"":1947,""cy"":2329,""r"":126}']"
7201.JPG,0.0,0.0
7202.JPG,0.0,0.0
7203.JPG,0.0,0.0
7204.JPG,0.0,0.0
7205.JPG,0.0,0.0
7206.JPG,0.0,0.0
7207.JPG,0.0,0.0
7208.JPG,0.0,0.0
7209.JPG,0.0,0.0
7210.JPG,0.0,0.0
7211.JPG,0.0,0.0
7212.JPG,0.0,0.0
7213.JPG,0.0,0.0
7214.JPG,0.0,0.0
7215.JPG,0.0,0.0
7216.JPG,0.0,0.0
7217.JPG,0.0,0.0
7218.JPG,0.0,0.0
7219.JPG,0.0,0.0
7220.JPG,0.0,0.0
7221.JPG,0.0,0.0
7222.JPG,0.0,0.0
7223.JPG,0.0,0.0
7224.JPG,0.0,0.0
7225.JPG,0.0,0.0
7226.JPG,0.0,0.0
7227.JPG,0.0,0.0
7228.JPG,0.0,0.0
7229.JPG,0.0,0.0
7230.JPG,0.0,0.0
7231.JPG,0.0,0.0
7232.JPG,0.0,0.0
7233.JPG,0.0,0.0
7234.JPG,0.0,0.0
7235.JPG,0.0,0.0
7236.JPG,0.0,0.0
7237.JPG,0.0,0.0
7238.JPG,0.0,0.0
7239.JPG,0.0,0.0
7240.JPG,0.0,0.0
7241.JPG,0.0,0.0
7242.JPG,0.0,0.0
7243.JPG,0.0,0.0
7244.JPG,0.0,0.0
7245.JPG,0.0,0.0
7246.JPG,0.0,0.0
7247.JPG,0.0,0.0
7248.JPG,0.0,0.0
7249.JPG,0.0,0.0
7250.JPG,0.0,0.0
7251.JPG,0.0,0.0
7252.JPG,0.0,0.0
7253.JPG,0.0,0.0
7254.JPG,0.0,0.0
7255.JPG,0.0,0.0
7256.JPG,0.0,0.0
7257.JPG,0.0,0.0
7258.JPG,0.0,0.0
7259.JPG,0.0,0.0
7260.JPG,0.0,0.0
7261.JPG,0.0,0.0
7262.JPG,0.0,0.0
7263.JPG,1.0,"['{""cx"":1245,""cy"":1482,""r"":130}']"
7264.JPG,0.0,0.0
7265.JPG,0.0,0.0
7266.JPG,0.0,0.0
7267.JPG,0.0,0.0
7268.JPG,0.0,0.0
7269.JPG,0.0,0.0
7270.JPG,0.0,0.0
7271.JPG,0.0,0.0
7272.JPG,0.0,0.0
7273.JPG,0.0,0.0
7274.JPG,0.0,0.0
7275.JPG,0.0,0.0
7276.JPG,0.0,0.0
7277.JPG,0.0,0.0
7278.JPG,0.0,0.0
7279.JPG,0.0,0.0
7280.JPG,0.0,0.0
7281.JPG,0.0,0.0
7282.JPG,0.0,0.0
7283.JPG,0.0,0.0
7284.JPG,0.0,0.0
7285.JPG,0.0,0.0
7286.JPG,0.0,0.0
7287.JPG,0.0,0.0
7288.JPG,0.0,0.0
7289.JPG,0.0,0.0
7290.JPG,0.0,0.0
7291.JPG,0.0,0.0
7292.JPG,0.0,0.0
7293.JPG,0.0,0.0
7294.JPG,0.0,0.0
7295.JPG,0.0,0.0
7296.JPG,0.0,0.0
7297.JPG,0.0,0.0
7298.JPG,0.0,0.0
7299.JPG,0.0,0.0
7300.JPG,0.0,0.0
7301.JPG,0.0,0.0
7302.JPG,0.0,0.0
7303.JPG,0.0,0.0
7304.JPG,0.0,0.0
7305.JPG,0.0,0.0
7306.JPG,0.0,0.0
7307.JPG,0.0,0.0
7308.JPG,0.0,0.0
7309.JPG,0.0,0.0
7310.JPG,0.0,0.0
7311.JPG,0.0,0.0
7312.JPG,0.0,0.0
7313.JPG,0.0,0.0
7314.JPG,0.0,0.0
7315.JPG,0.0,0.0
7316.JPG,0.0,0.0
7317.JPG,0.0,0.0
7318.JPG,0.0,0.0
7319.JPG,0.0,0.0
7320.JPG,0.0,0.0
7321.JPG,0.0,0.0
7322.JPG,0.0,0.0
7323.JPG,0.0,0.0
7324.JPG,0.0,0.0
7325.JPG,0.0,0.0
7326.JPG,0.0,0.0
7327.JPG,0.0,0.0
7328.JPG,0.0,0.0
7329.JPG,0.0,0.0
7330.JPG,0.0,0.0
7331.JPG,0.0,0.0
7332.JPG,0.0,0.0
7333.JPG,0.0,0.0
7334.JPG,0.0,0.0
7335.JPG,0.0,0.0
7336.JPG,0.0,0.0
7337.JPG,0.0,0.0
7338.JPG,0.0,0.0
7339.JPG,0.0,0.0
7340.JPG,0.0,0.0
7341.JPG,0.0,0.0
7342.JPG,0.0,0.0
7343.JPG,0.0,0.0
7344.JPG,0.0,0.0
7345.JPG,0.0,0.0
7346.JPG,0.0,0.0
7347.JPG,0.0,0.0
7348.JPG,0.0,0.0
7349.JPG,0.0,0.0
7350.JPG,0.0,0.0
7351.JPG,0.0,0.0
7352.JPG,0.0,0.0
7353.JPG,0.0,0.0
7354.JPG,0.0,0.0
7355.JPG,0.0,0.0
7356.JPG,0.0,0.0
7357.JPG,0.0,0.0
7358.JPG,0.0,0.0
7359.JPG,0.0,0.0
7360.JPG,0.0,0.0
7361.JPG,0.0,0.0
7362.JPG,0.0,0.0
7363.JPG,0.0,0.0
7364.JPG,0.0,0.0
7365.JPG,0.0,0.0
7366.JPG,0.0,0.0
7367.JPG,0.0,0.0
7368.JPG,0.0,0.0
7369.JPG,0.0,0.0
7370.JPG,0.0,0.0
7371.JPG,0.0,0.0
7372.JPG,0.0,0.0
7373.JPG,0.0,0.0
7374.JPG,0.0,0.0
7375.JPG,0.0,0.0
7376.JPG,0.0,0.0
7377.JPG,0.0,0.0
7378.JPG,0.0,0.0
7379.JPG,0.0,0.0
7380.JPG,0.0,0.0
7381.JPG,0.0,0.0
7382.JPG,0.0,0.0
7383.JPG,0.0,0.0
7384.JPG,0.0,0.0
7385.JPG,0.0,0.0
7386.JPG,0.0,0.0
7387.JPG,0.0,0.0
7388.JPG,0.0,0.0
7389.JPG,0.0,0.0
7390.JPG,0.0,0.0
7391.JPG,0.0,0.0
7392.jpg,0.0,0.0
7393.JPG,0.0,0.0
7394.JPG,0.0,0.0
7395.JPG,0.0,0.0
7396.JPG,0.0,0.0
7397.JPG,0.0,0.0
7398.JPG,0.0,0.0
7399.JPG,0.0,0.0
7400.JPG,0.0,0.0
7401.JPG,0.0,0.0
7402.JPG,0.0,0.0
7403.JPG,0.0,0.0
7404.JPG,0.0,0.0
7405.JPG,0.0,0.0
7406.JPG,0.0,0.0
7407.JPG,0.0,0.0
7408.JPG,0.0,0.0
7409.JPG,0.0,0.0
7410.JPG,0.0,0.0
7411.JPG,0.0,0.0
7412.JPG,0.0,0.0
7413.JPG,0.0,0.0
7414.JPG,0.0,0.0
7415.JPG,0.0,0.0
7416.JPG,0.0,0.0
7417.JPG,0.0,0.0
7418.JPG,0.0,0.0
7419.JPG,0.0,0.0
7420.JPG,0.0,0.0
7421.JPG,0.0,0.0
7422.JPG,0.0,0.0
7423.JPG,0.0,0.0
7424.JPG,0.0,0.0
7425.JPG,0.0,0.0
7426.JPG,0.0,0.0
7427.JPG,0.0,0.0
7428.JPG,0.0,0.0
7429.JPG,0.0,0.0
7430.JPG,0.0,0.0
7431.JPG,0.0,0.0
7432.JPG,0.0,0.0
7433.JPG,0.0,0.0
7434.JPG,0.0,0.0
7435.JPG,0.0,0.0
7436.JPG,0.0,0.0
7437.JPG,0.0,0.0
7438.JPG,0.0,0.0
7439.JPG,0.0,0.0
7440.JPG,0.0,0.0
7441.JPG,0.0,0.0
7442.JPG,0.0,0.0
7443.JPG,0.0,0.0
7444.JPG,0.0,0.0
7445.JPG,0.0,0.0
7446.JPG,0.0,0.0
7447.JPG,0.0,0.0
7448.JPG,0.0,0.0
7449.JPG,0.0,0.0
7450.JPG,0.0,0.0
7451.JPG,0.0,0.0
7452.JPG,0.0,0.0
7453.JPG,0.0,0.0
7454.JPG,0.0,0.0
7455.JPG,0.0,0.0
7456.JPG,0.0,0.0
7457.JPG,0.0,0.0
7458.JPG,0.0,0.0
7459.JPG,0.0,0.0
7460.JPG,0.0,0.0
7461.JPG,0.0,0.0
7462.JPG,0.0,0.0
7463.JPG,0.0,0.0
7464.JPG,0.0,0.0
7465.JPG,0.0,0.0
7466.JPG,0.0,0.0
7467.JPG,0.0,0.0
7468.JPG,0.0,0.0
7469.JPG,0.0,0.0
7470.JPG,0.0,0.0
7471.JPG,0.0,0.0
7472.JPG,0.0,0.0
7473.JPG,0.0,0.0
7474.JPG,0.0,0.0
7475.JPG,0.0,0.0
7476.JPG,0.0,0.0
7477.JPG,0.0,0.0
7478.JPG,0.0,0.0
7479.JPG,0.0,0.0
7480.JPG,0.0,0.0
7481.JPG,0.0,0.0
7482.JPG,0.0,0.0
7483.JPG,0.0,0.0
7484.JPG,0.0,0.0
7485.JPG,0.0,0.0
7486.JPG,0.0,0.0
7487.JPG,0.0,0.0
7488.JPG,0.0,0.0
7489.JPG,0.0,0.0
7490.JPG,0.0,0.0
7491.JPG,0.0,0.0
7492.JPG,0.0,0.0
7493.JPG,0.0,0.0
7494.JPG,0.0,0.0
7495.JPG,0.0,0.0
7496.JPG,0.0,0.0
7497.JPG,0.0,0.0
7498.JPG,0.0,0.0
7499.JPG,0.0,0.0
7500.JPG,0.0,0.0
7501.JPG,0.0,0.0
7502.JPG,0.0,0.0
7503.JPG,0.0,0.0
7504.JPG,0.0,0.0
7505.JPG,0.0,0.0
7506.JPG,0.0,0.0
7507.JPG,0.0,0.0
7508.JPG,0.0,0.0
7509.JPG,0.0,0.0
7510.JPG,0.0,0.0
7511.JPG,0.0,0.0
7512.JPG,0.0,0.0
7513.JPG,0.0,0.0
7514.JPG,0.0,0.0
7515.JPG,0.0,0.0
7516.JPG,0.0,0.0
7517.JPG,0.0,0.0
7518.JPG,0.0,0.0
7519.JPG,0.0,0.0
7520.JPG,0.0,0.0
7521.JPG,0.0,0.0
7522.JPG,0.0,0.0
7523.JPG,0.0,0.0
7524.JPG,0.0,0.0
7525.JPG,0.0,0.0
7526.JPG,0.0,0.0
7527.JPG,0.0,0.0
7528.JPG,0.0,0.0
7529.JPG,0.0,0.0
7530.JPG,0.0,0.0
7531.JPG,0.0,0.0
7532.JPG,0.0,0.0
7533.JPG,0.0,0.0
7534.JPG,0.0,0.0
7535.JPG,0.0,0.0
7536.JPG,0.0,0.0
7537.JPG,0.0,0.0
7538.JPG,0.0,0.0
7539.JPG,0.0,0.0
7540.JPG,0.0,0.0
7541.JPG,0.0,0.0
7542.JPG,0.0,0.0
7543.JPG,0.0,0.0
7544.JPG,0.0,0.0
7545.JPG,0.0,0.0
7546.JPG,0.0,0.0
7547.JPG,0.0,0.0
7548.JPG,0.0,0.0
7549.JPG,0.0,0.0
7550.JPG,0.0,0.0
7551.JPG,0.0,0.0
7552.JPG,0.0,0.0
7553.JPG,0.0,0.0
7554.JPG,0.0,0.0
7555.JPG,0.0,0.0
7556.JPG,0.0,0.0
7557.JPG,0.0,0.0
7558.JPG,0.0,0.0
7559.JPG,0.0,0.0
7560.JPG,0.0,0.0
7561.JPG,0.0,0.0
7562.JPG,0.0,0.0
7563.JPG,0.0,0.0
7564.JPG,0.0,0.0
7565.JPG,0.0,0.0
7566.JPG,0.0,0.0
7567.JPG,0.0,0.0
7568.JPG,0.0,0.0
7569.JPG,0.0,0.0
7570.JPG,0.0,0.0
7571.JPG,0.0,0.0
7572.JPG,0.0,0.0
7573.JPG,0.0,0.0
7574.JPG,0.0,0.0
7575.JPG,0.0,0.0
7576.JPG,0.0,0.0
7577.JPG,2.0,"['{""cx"":1731,""cy"":1154,""r"":111}', '{""cx"":1869,""cy"":1400,""r"":120}']"
7578.JPG,0.0,0.0
7579.JPG,0.0,0.0
7580.JPG,0.0,0.0
7581.JPG,0.0,0.0
7582.JPG,0.0,0.0
7583.JPG,0.0,0.0
7584.JPG,0.0,0.0
7585.JPG,0.0,0.0
7586.JPG,0.0,0.0
7587.JPG,0.0,0.0
7588.JPG,0.0,0.0
7589.JPG,0.0,0.0
7590.JPG,0.0,0.0
7591.JPG,0.0,0.0
7592.JPG,0.0,0.0
7593.JPG,0.0,0.0
7594.JPG,0.0,0.0
7595.JPG,0.0,0.0
7596.JPG,0.0,0.0
7597.JPG,0.0,0.0
7598.JPG,0.0,0.0
7599.JPG,0.0,0.0
7600.JPG,0.0,0.0
7601.JPG,0.0,0.0
7602.JPG,0.0,0.0
7603.JPG,0.0,0.0
7604.JPG,0.0,0.0
7605.jpg,0.0,0.0
7606.JPG,0.0,0.0
7607.JPG,0.0,0.0
7608.JPG,0.0,0.0
7609.JPG,0.0,0.0
7610.JPG,0.0,0.0
7611.JPG,0.0,0.0
7612.JPG,0.0,0.0
7613.JPG,0.0,0.0
7614.JPG,0.0,0.0
7615.JPG,0.0,0.0
7616.JPG,0.0,0.0
7617.JPG,0.0,0.0
7618.JPG,0.0,0.0
7619.JPG,0.0,0.0
7620.JPG,0.0,0.0
7621.JPG,0.0,0.0
7622.JPG,0.0,0.0
7623.JPG,0.0,0.0
7624.JPG,0.0,0.0
7625.JPG,0.0,0.0
7626.JPG,0.0,0.0
7627.JPG,0.0,0.0
7628.JPG,0.0,0.0
7629.JPG,0.0,0.0
7630.JPG,0.0,0.0
7631.JPG,0.0,0.0
7632.JPG,0.0,0.0
7633.JPG,0.0,0.0
7634.JPG,0.0,0.0
7635.JPG,0.0,0.0
7636.JPG,0.0,0.0
7637.JPG,0.0,0.0
7638.JPG,0.0,0.0
7639.JPG,0.0,0.0
7640.JPG,0.0,0.0
7641.JPG,0.0,0.0
7642.JPG,0.0,0.0
7643.JPG,0.0,0.0
7644.JPG,0.0,0.0
7645.JPG,0.0,0.0
7646.JPG,0.0,0.0
7647.JPG,0.0,0.0
7648.JPG,0.0,0.0
7649.JPG,0.0,0.0
7650.JPG,0.0,0.0
7651.JPG,0.0,0.0
7652.JPG,0.0,0.0
7653.JPG,0.0,0.0
7654.JPG,0.0,0.0
7655.JPG,0.0,0.0
7656.JPG,0.0,0.0
7657.JPG,0.0,0.0
7658.JPG,0.0,0.0
7659.JPG,0.0,0.0
7660.JPG,0.0,0.0
7661.JPG,0.0,0.0
7662.JPG,0.0,0.0
7663.JPG,0.0,0.0
7664.JPG,0.0,0.0
7665.JPG,0.0,0.0
7666.JPG,0.0,0.0
7667.JPG,0.0,0.0
7668.JPG,0.0,0.0
7669.JPG,0.0,0.0
7670.JPG,0.0,0.0
7671.JPG,0.0,0.0
7672.JPG,0.0,0.0
7673.JPG,0.0,0.0
7674.JPG,0.0,0.0
7675.JPG,0.0,0.0
7676.JPG,0.0,0.0
7677.JPG,0.0,0.0
7678.JPG,0.0,0.0
7679.JPG,0.0,0.0
7680.JPG,0.0,0.0
7681.JPG,0.0,0.0
7682.JPG,0.0,0.0
7683.JPG,0.0,0.0
7684.JPG,0.0,0.0
7685.JPG,0.0,0.0
7686.JPG,0.0,0.0
7687.JPG,0.0,0.0
7688.JPG,0.0,0.0
7689.JPG,0.0,0.0
7690.JPG,0.0,0.0
7691.JPG,0.0,0.0
7692.JPG,0.0,0.0
7693.JPG,0.0,0.0
7694.JPG,0.0,0.0
7695.JPG,0.0,0.0
7696.JPG,0.0,0.0
7697.JPG,0.0,0.0
7698.JPG,0.0,0.0
7699.JPG,0.0,0.0
7700.JPG,0.0,0.0
7701.JPG,0.0,0.0
7702.JPG,0.0,0.0
7703.JPG,0.0,0.0
7704.JPG,0.0,0.0
7705.JPG,0.0,0.0
7706.JPG,0.0,0.0
7707.JPG,0.0,0.0
7708.JPG,0.0,0.0
7709.JPG,0.0,0.0
7710.JPG,0.0,0.0
7711.JPG,0.0,0.0
7712.JPG,0.0,0.0
7713.JPG,3.0,"['{""cx"":2450,""cy"":2092,""r"":84}', '{""cx"":3612,""cy"":2350,""r"":98}', '{""cx"":4422,""cy"":1881,""r"":88}']"
7714.JPG,0.0,0.0
7715.JPG,0.0,0.0
7716.JPG,0.0,0.0
7717.JPG,0.0,0.0
7718.JPG,0.0,0.0
7719.JPG,0.0,0.0
7720.JPG,0.0,0.0
7721.JPG,0.0,0.0
7722.JPG,2.0,"['{""cx"":2196,""cy"":108,""r"":91}', '{""cx"":2039,""cy"":95,""r"":101}']"
7723.JPG,0.0,0.0
7724.JPG,0.0,0.0
7725.JPG,0.0,0.0
7726.JPG,0.0,0.0
7727.JPG,0.0,0.0
7728.JPG,0.0,0.0
7729.JPG,0.0,0.0
7730.JPG,0.0,0.0
7731.JPG,0.0,0.0
7732.JPG,0.0,0.0
7733.JPG,0.0,0.0
7734.JPG,0.0,0.0
7735.JPG,0.0,0.0
7736.JPG,0.0,0.0
7737.JPG,0.0,0.0
7738.JPG,0.0,0.0
7739.JPG,0.0,0.0
7740.JPG,0.0,0.0
7741.JPG,0.0,0.0
7742.JPG,0.0,0.0
7743.JPG,0.0,0.0
7744.JPG,0.0,0.0
7745.JPG,0.0,0.0
7746.JPG,0.0,0.0
7747.JPG,0.0,0.0
7748.JPG,0.0,0.0
7749.JPG,0.0,0.0
7750.JPG,0.0,0.0
7751.JPG,0.0,0.0
7752.JPG,0.0,0.0
7753.JPG,0.0,0.0
7754.JPG,0.0,0.0
7755.JPG,0.0,0.0
7756.JPG,0.0,0.0
7757.JPG,0.0,0.0
7758.JPG,0.0,0.0
7759.JPG,0.0,0.0
7760.JPG,0.0,0.0
7761.JPG,0.0,0.0
7762.JPG,0.0,0.0
7763.JPG,0.0,0.0
7764.JPG,0.0,0.0
7765.JPG,0.0,0.0
7766.JPG,0.0,0.0
7767.JPG,0.0,0.0
7768.JPG,0.0,0.0
7769.JPG,0.0,0.0
7770.JPG,0.0,0.0
7771.JPG,0.0,0.0
7772.JPG,0.0,0.0
7773.JPG,0.0,0.0
7774.JPG,0.0,0.0
7775.JPG,0.0,0.0
7776.JPG,0.0,0.0
7777.JPG,0.0,0.0
7778.JPG,0.0,0.0
7779.JPG,0.0,0.0
7780.JPG,0.0,0.0
7781.JPG,0.0,0.0
7782.JPG,0.0,0.0
7783.JPG,0.0,0.0
7784.JPG,0.0,0.0
7785.JPG,0.0,0.0
7786.JPG,0.0,0.0
7787.JPG,0.0,0.0
7788.JPG,0.0,0.0
7789.JPG,0.0,0.0
7790.JPG,0.0,0.0
7791.JPG,0.0,0.0
7792.JPG,0.0,0.0
7793.JPG,0.0,0.0
7794.JPG,0.0,0.0
7795.JPG,0.0,0.0
7796.JPG,0.0,0.0
7797.JPG,0.0,0.0
7798.JPG,0.0,0.0
7799.JPG,0.0,0.0
7800.JPG,0.0,0.0
7801.JPG,0.0,0.0
7802.JPG,0.0,0.0
7803.JPG,0.0,0.0
7804.JPG,0.0,0.0
7805.JPG,0.0,0.0
7806.JPG,0.0,0.0
7807.JPG,0.0,0.0
7808.JPG,0.0,0.0
7809.JPG,0.0,0.0
7810.JPG,0.0,0.0
7811.JPG,0.0,0.0
7812.JPG,0.0,0.0
7813.JPG,0.0,0.0
7814.JPG,0.0,0.0
7815.JPG,0.0,0.0
7816.JPG,0.0,0.0
7817.JPG,0.0,0.0
7818.JPG,0.0,0.0
7819.JPG,0.0,0.0
7820.JPG,0.0,0.0
7821.JPG,0.0,0.0
7822.JPG,0.0,0.0
7823.JPG,0.0,0.0
7824.JPG,0.0,0.0
7825.JPG,0.0,0.0
7826.JPG,0.0,0.0
7827.JPG,0.0,0.0
7828.JPG,0.0,0.0
7829.JPG,0.0,0.0
7830.JPG,0.0,0.0
7831.JPG,0.0,0.0
7832.JPG,0.0,0.0
7833.JPG,0.0,0.0
7834.JPG,0.0,0.0
7835.JPG,0.0,0.0
7836.JPG,0.0,0.0
7837.JPG,0.0,0.0
7838.JPG,0.0,0.0
7839.JPG,0.0,0.0
7840.JPG,0.0,0.0
7841.JPG,0.0,0.0
7842.JPG,0.0,0.0
7843.jpg,0.0,0.0
7844.JPG,0.0,0.0
7845.JPG,0.0,0.0
7846.JPG,0.0,0.0
7847.JPG,0.0,0.0
7848.JPG,0.0,0.0
7849.JPG,0.0,0.0
7850.JPG,0.0,0.0
7851.JPG,0.0,0.0
7852.JPG,0.0,0.0
7853.JPG,0.0,0.0
7854.JPG,0.0,0.0
7855.JPG,0.0,0.0
7856.JPG,0.0,0.0
7857.JPG,0.0,0.0
7858.JPG,0.0,0.0
7859.JPG,0.0,0.0
7860.JPG,0.0,0.0
7861.JPG,0.0,0.0
7862.JPG,0.0,0.0
7863.JPG,0.0,0.0
7864.JPG,0.0,0.0
7865.JPG,0.0,0.0
7866.JPG,0.0,0.0
7867.JPG,0.0,0.0
7868.JPG,0.0,0.0
7869.JPG,0.0,0.0
7870.JPG,0.0,0.0
7871.JPG,0.0,0.0
7872.JPG,1.0,"['{""cx"":2900,""cy"":2136,""r"":47}']"
7873.JPG,0.0,0.0
7874.JPG,0.0,0.0
7875.JPG,0.0,0.0
7876.JPG,0.0,0.0
7877.JPG,0.0,0.0
7878.JPG,0.0,0.0
7879.JPG,0.0,0.0
7880.JPG,0.0,0.0
7881.JPG,0.0,0.0
7882.JPG,0.0,0.0
7883.JPG,0.0,0.0
7884.JPG,0.0,0.0
7885.JPG,0.0,0.0
7886.JPG,0.0,0.0
7887.JPG,0.0,0.0
7888.JPG,0.0,0.0
7889.JPG,0.0,0.0
7890.JPG,0.0,0.0
7891.JPG,0.0,0.0
7892.JPG,0.0,0.0
7893.JPG,0.0,0.0
7894.JPG,0.0,0.0
7895.JPG,0.0,0.0
7896.JPG,0.0,0.0
7897.JPG,0.0,0.0
7898.JPG,0.0,0.0
7899.JPG,0.0,0.0
7900.JPG,0.0,0.0
7901.JPG,0.0,0.0
7902.JPG,0.0,0.0
7903.JPG,0.0,0.0
7904.JPG,0.0,0.0
7905.JPG,0.0,0.0
7906.JPG,0.0,0.0
7907.JPG,0.0,0.0
7908.JPG,0.0,0.0
7909.JPG,0.0,0.0
7910.JPG,0.0,0.0
7911.JPG,0.0,0.0
7912.JPG,0.0,0.0
7913.JPG,0.0,0.0
7914.JPG,0.0,0.0
7915.JPG,0.0,0.0
7916.JPG,0.0,0.0
7917.JPG,0.0,0.0
7918.JPG,0.0,0.0
7919.JPG,0.0,0.0
7920.JPG,0.0,0.0
7921.JPG,0.0,0.0
7922.JPG,0.0,0.0
7923.JPG,0.0,0.0
7924.JPG,0.0,0.0
7925.JPG,0.0,0.0
7926.JPG,0.0,0.0
7927.JPG,0.0,0.0
7928.JPG,0.0,0.0
7929.JPG,0.0,0.0
7930.JPG,0.0,0.0
7931.JPG,0.0,0.0
7932.JPG,0.0,0.0
7933.JPG,0.0,0.0
7934.JPG,0.0,0.0
7935.JPG,0.0,0.0
7936.JPG,0.0,0.0
7937.JPG,0.0,0.0
7938.JPG,0.0,0.0
7939.JPG,0.0,0.0
7940.JPG,0.0,0.0
7941.JPG,0.0,0.0
7942.JPG,0.0,0.0
7943.JPG,0.0,0.0
7944.JPG,0.0,0.0
7945.JPG,0.0,0.0
7946.JPG,0.0,0.0
7947.JPG,0.0,0.0
7948.JPG,0.0,0.0
7949.JPG,0.0,0.0
7950.JPG,0.0,0.0
7951.JPG,0.0,0.0
7952.JPG,0.0,0.0
7953.JPG,0.0,0.0
7954.JPG,0.0,0.0
7955.JPG,0.0,0.0
7956.JPG,0.0,0.0
7957.JPG,0.0,0.0
7958.JPG,0.0,0.0
7959.JPG,0.0,0.0
7960.JPG,0.0,0.0
7961.JPG,0.0,0.0
7962.JPG,0.0,0.0
7963.JPG,0.0,0.0
7964.JPG,0.0,0.0
7965.JPG,0.0,0.0
7966.JPG,0.0,0.0
7967.JPG,0.0,0.0
7968.JPG,0.0,0.0
7969.JPG,0.0,0.0
7970.JPG,0.0,0.0
7971.JPG,0.0,0.0
7972.JPG,0.0,0.0
7973.JPG,0.0,0.0
7974.JPG,0.0,0.0
7975.JPG,0.0,0.0
7976.JPG,0.0,0.0
7977.JPG,0.0,0.0
7978.JPG,0.0,0.0
7979.JPG,0.0,0.0
7980.JPG,0.0,0.0
7981.JPG,0.0,0.0
7982.JPG,0.0,0.0
7983.JPG,0.0,0.0
7984.JPG,0.0,0.0
7985.JPG,0.0,0.0
7986.JPG,0.0,0.0
7987.JPG,0.0,0.0
7988.JPG,0.0,0.0
7989.JPG,0.0,0.0
7990.JPG,0.0,0.0
7991.JPG,0.0,0.0
7992.JPG,0.0,0.0
7993.JPG,0.0,0.0
7994.JPG,0.0,0.0
7995.JPG,0.0,0.0
7996.JPG,0.0,0.0
7997.JPG,0.0,0.0
7998.JPG,0.0,0.0
7999.JPG,0.0,0.0
8000.JPG,0.0,0.0
8001.JPG,0.0,0.0
8002.JPG,0.0,0.0
8003.JPG,0.0,0.0
8004.JPG,0.0,0.0
8005.JPG,0.0,0.0
8006.JPG,0.0,0.0
8007.JPG,0.0,0.0
8008.JPG,0.0,0.0
8009.JPG,0.0,0.0
8010.JPG,0.0,0.0
8011.JPG,0.0,0.0
8012.JPG,0.0,0.0
8013.JPG,0.0,0.0
8014.JPG,0.0,0.0
8015.JPG,0.0,0.0
8016.JPG,0.0,0.0
8017.JPG,0.0,0.0
8018.JPG,0.0,0.0
8019.JPG,0.0,0.0
8020.jpg,1.0,"['{""cx"":4125,""cy"":2129,""r"":80}']"
8021.JPG,0.0,0.0
8022.JPG,0.0,0.0
8023.JPG,0.0,0.0
8024.JPG,0.0,0.0
8025.JPG,0.0,0.0
8026.JPG,0.0,0.0
8027.JPG,0.0,0.0
8028.JPG,0.0,0.0
8029.JPG,0.0,0.0
8030.JPG,0.0,0.0
8031.JPG,0.0,0.0
8032.JPG,0.0,0.0
8033.JPG,0.0,0.0
8034.JPG,0.0,0.0
8035.JPG,0.0,0.0
8036.JPG,0.0,0.0
8037.JPG,0.0,0.0
8038.jpg,0.0,0.0
8039.JPG,0.0,0.0
8040.JPG,0.0,0.0
8041.JPG,0.0,0.0
8042.JPG,0.0,0.0
8043.JPG,0.0,0.0
8044.JPG,0.0,0.0
8045.JPG,0.0,0.0
8046.JPG,0.0,0.0
8047.JPG,0.0,0.0
8048.JPG,1.0,"['{""cx"":3220,""cy"":1280,""r"":185}']"
8049.JPG,0.0,0.0
8050.JPG,0.0,0.0
8051.JPG,0.0,0.0
8052.JPG,0.0,0.0
8053.JPG,0.0,0.0
8054.JPG,0.0,0.0
8055.JPG,0.0,0.0
8056.JPG,0.0,0.0
8057.JPG,0.0,0.0
8058.JPG,0.0,0.0
8059.JPG,0.0,0.0
8060.JPG,0.0,0.0
8061.JPG,0.0,0.0
8062.JPG,0.0,0.0
8063.JPG,0.0,0.0
8064.JPG,0.0,0.0
8065.JPG,0.0,0.0
8066.JPG,0.0,0.0
8067.JPG,0.0,0.0
8068.JPG,0.0,0.0
8069.JPG,0.0,0.0
8070.JPG,0.0,0.0
8071.JPG,0.0,0.0
8072.JPG,0.0,0.0
8073.JPG,0.0,0.0
8074.JPG,0.0,0.0
8075.JPG,0.0,0.0
8076.JPG,0.0,0.0
8077.JPG,0.0,0.0
8078.JPG,0.0,0.0
8079.JPG,0.0,0.0
8080.JPG,0.0,0.0
8081.JPG,0.0,0.0
8082.JPG,0.0,0.0
8083.JPG,0.0,0.0
8084.JPG,0.0,0.0
8085.JPG,0.0,0.0
8086.JPG,0.0,0.0
8087.JPG,0.0,0.0
8088.JPG,0.0,0.0
8089.JPG,0.0,0.0
8090.JPG,0.0,0.0
8091.JPG,0.0,0.0
8092.JPG,0.0,0.0
8093.JPG,0.0,0.0
8094.JPG,0.0,0.0
8095.JPG,0.0,0.0
8096.JPG,0.0,0.0
8097.JPG,0.0,0.0
8098.JPG,0.0,0.0
8099.JPG,0.0,0.0
8100.JPG,0.0,0.0
8101.JPG,0.0,0.0
8102.JPG,0.0,0.0
8103.JPG,2.0,"['{""cx"":2217,""cy"":2076,""r"":92}', '{""cx"":1976,""cy"":2408,""r"":110}']"
8104.JPG,0.0,0.0
8105.JPG,0.0,0.0
8106.JPG,0.0,0.0
8107.JPG,0.0,0.0
8108.JPG,0.0,0.0
8109.JPG,0.0,0.0
8110.JPG,0.0,0.0
8111.JPG,0.0,0.0
8112.JPG,0.0,0.0
8113.JPG,0.0,0.0
8114.JPG,0.0,0.0
8115.JPG,0.0,0.0
8116.JPG,0.0,0.0
8117.JPG,0.0,0.0
8118.JPG,0.0,0.0
8119.JPG,0.0,0.0
8120.JPG,0.0,0.0
8121.JPG,0.0,0.0
8122.JPG,0.0,0.0
8123.JPG,0.0,0.0
8124.JPG,0.0,0.0
8125.JPG,0.0,0.0
8126.JPG,0.0,0.0
8127.JPG,0.0,0.0
8128.JPG,0.0,0.0
8129.JPG,0.0,0.0
8130.JPG,0.0,0.0
8131.JPG,0.0,0.0
8132.JPG,0.0,0.0
8133.JPG,0.0,0.0
8134.JPG,0.0,0.0
8135.JPG,0.0,0.0
8136.JPG,0.0,0.0
8137.JPG,0.0,0.0
8138.JPG,0.0,0.0
8139.JPG,0.0,0.0
8140.JPG,0.0,0.0
8141.JPG,0.0,0.0
8142.JPG,0.0,0.0
8143.JPG,0.0,0.0
8144.JPG,0.0,0.0
8145.JPG,0.0,0.0
8146.JPG,0.0,0.0
8147.JPG,2.0,"['{""cx"":2271,""cy"":1760,""r"":74.847}', '{""cx"":2238,""cy"":1860,""r"":116}']"
8148.JPG,0.0,0.0
8149.JPG,0.0,0.0
8150.JPG,0.0,0.0
8151.JPG,0.0,0.0
8152.JPG,0.0,0.0
8153.JPG,0.0,0.0
8154.JPG,0.0,0.0
8155.JPG,1.0,"['{""cx"":2715,""cy"":419,""r"":133}']"
8156.JPG,0.0,0.0
8157.JPG,0.0,0.0
8158.JPG,0.0,0.0
8159.JPG,0.0,0.0
8160.JPG,0.0,0.0
8161.JPG,0.0,0.0
8162.JPG,0.0,0.0
8163.JPG,0.0,0.0
8164.JPG,0.0,0.0
8165.JPG,0.0,0.0
8166.JPG,0.0,0.0
8167.JPG,0.0,0.0
8168.JPG,0.0,0.0
8169.JPG,0.0,0.0
8170.JPG,0.0,0.0
8171.JPG,0.0,0.0
8172.JPG,0.0,0.0
8173.JPG,0.0,0.0
8174.JPG,0.0,0.0
8175.JPG,0.0,0.0
8176.JPG,0.0,0.0
8177.JPG,0.0,0.0
8178.JPG,0.0,0.0
8179.JPG,0.0,0.0
8180.JPG,0.0,0.0
8181.JPG,0.0,0.0
8182.JPG,0.0,0.0
8183.JPG,0.0,0.0
8184.JPG,0.0,0.0
8185.JPG,0.0,0.0
8186.JPG,0.0,0.0
8187.JPG,0.0,0.0
8188.JPG,0.0,0.0
8189.JPG,0.0,0.0
8190.JPG,0.0,0.0
8191.JPG,0.0,0.0
8192.JPG,0.0,0.0
8193.JPG,0.0,0.0
8194.JPG,0.0,0.0
8195.JPG,0.0,0.0
8196.JPG,0.0,0.0
8197.JPG,0.0,0.0
8198.JPG,0.0,0.0
8199.JPG,0.0,0.0
8200.JPG,0.0,0.0
8201.JPG,0.0,0.0
8202.JPG,0.0,0.0
8203.JPG,0.0,0.0
8204.JPG,0.0,0.0
8205.JPG,0.0,0.0
8206.JPG,0.0,0.0
8207.JPG,0.0,0.0
8208.JPG,0.0,0.0
8209.JPG,0.0,0.0
8210.JPG,0.0,0.0
8211.JPG,0.0,0.0
8212.JPG,0.0,0.0
8213.JPG,0.0,0.0
8214.JPG,0.0,0.0
8215.JPG,0.0,0.0
8216.JPG,0.0,0.0
8217.JPG,0.0,0.0
8218.JPG,4.0,"['{""cx"":3058,""cy"":1907,""r"":92}', '{""cx"":2827,""cy"":1174,""r"":83}', '{""cx"":128,""cy"":1999,""r"":58}', '{""cx"":299,""cy"":2000,""r"":58}']"
8219.JPG,0.0,0.0
8220.JPG,0.0,0.0
8221.JPG,0.0,0.0
8222.JPG,0.0,0.0
8223.JPG,0.0,0.0
8224.JPG,0.0,0.0
8225.JPG,0.0,0.0
8226.JPG,0.0,0.0
8227.JPG,0.0,0.0
8228.JPG,0.0,0.0
8229.JPG,0.0,0.0
8230.JPG,0.0,0.0
8231.JPG,0.0,0.0
8232.JPG,0.0,0.0
8233.JPG,0.0,0.0
8234.JPG,0.0,0.0
8235.JPG,0.0,0.0
8236.JPG,0.0,0.0
8237.JPG,0.0,0.0
8238.JPG,0.0,0.0
8239.JPG,0.0,0.0
8240.JPG,0.0,0.0
8241.JPG,0.0,0.0
8242.JPG,0.0,0.0
8243.JPG,0.0,0.0
8244.JPG,0.0,0.0
8245.JPG,0.0,0.0
8246.JPG,0.0,0.0
8247.JPG,0.0,0.0
8248.JPG,0.0,0.0
8249.JPG,0.0,0.0
8250.JPG,0.0,0.0
8251.JPG,0.0,0.0
8252.JPG,0.0,0.0
8253.JPG,0.0,0.0
8254.JPG,0.0,0.0
8255.JPG,0.0,0.0
8256.JPG,0.0,0.0
8257.JPG,2.0,"['{""cx"":2537,""cy"":2267,""r"":100}', '{""cx"":2653,""cy"":2309,""r"":91}']"
8258.JPG,0.0,0.0
8259.JPG,0.0,0.0
8260.JPG,0.0,0.0
8261.JPG,0.0,0.0
8262.JPG,0.0,0.0
8263.JPG,0.0,0.0
8264.JPG,0.0,0.0
8265.JPG,0.0,0.0
8266.JPG,0.0,0.0
8267.JPG,0.0,0.0
8268.JPG,0.0,0.0
8269.JPG,0.0,0.0
8270.JPG,0.0,0.0
8271.JPG,0.0,0.0
8272.JPG,0.0,0.0
8273.JPG,0.0,0.0
8274.JPG,0.0,0.0
8275.JPG,0.0,0.0
8276.JPG,0.0,0.0
8277.JPG,0.0,0.0
8278.JPG,0.0,0.0
8279.JPG,0.0,0.0
8280.JPG,0.0,0.0
8281.JPG,0.0,0.0
8282.JPG,0.0,0.0
8283.JPG,0.0,0.0
8284.JPG,0.0,0.0
8285.JPG,0.0,0.0
8286.JPG,0.0,0.0
8287.JPG,0.0,0.0
8288.JPG,0.0,0.0
8289.JPG,0.0,0.0
8290.JPG,0.0,0.0
8291.JPG,0.0,0.0
8292.JPG,0.0,0.0
8293.JPG,0.0,0.0
8294.JPG,0.0,0.0
8295.JPG,0.0,0.0
8296.JPG,0.0,0.0
8297.JPG,0.0,0.0
8298.JPG,0.0,0.0
8299.JPG,0.0,0.0
8300.JPG,0.0,0.0
8301.JPG,0.0,0.0
8302.JPG,0.0,0.0
8303.JPG,0.0,0.0
8304.JPG,0.0,0.0
8305.JPG,0.0,0.0
8306.JPG,0.0,0.0
8307.JPG,0.0,0.0
8308.JPG,0.0,0.0
8309.JPG,0.0,0.0
8310.JPG,0.0,0.0
8311.JPG,0.0,0.0
8312.JPG,0.0,0.0
8313.JPG,0.0,0.0
8314.JPG,0.0,0.0
8315.jpg,0.0,0.0
8316.JPG,0.0,0.0
8317.JPG,0.0,0.0
8318.JPG,0.0,0.0
8319.JPG,0.0,0.0
8320.JPG,0.0,0.0
8321.JPG,0.0,0.0
8322.JPG,0.0,0.0
8323.JPG,0.0,0.0
8324.JPG,0.0,0.0
8325.JPG,0.0,0.0
8326.JPG,0.0,0.0
8327.JPG,0.0,0.0
8328.JPG,0.0,0.0
8329.JPG,0.0,0.0
8330.JPG,0.0,0.0
8331.JPG,0.0,0.0
8332.JPG,0.0,0.0
8333.JPG,0.0,0.0
8334.JPG,0.0,0.0
8335.JPG,0.0,0.0
8336.JPG,0.0,0.0
8337.JPG,0.0,0.0
8338.JPG,0.0,0.0
8339.JPG,0.0,0.0
8340.JPG,0.0,0.0
8341.JPG,0.0,0.0
8342.JPG,0.0,0.0
8343.JPG,0.0,0.0
8344.JPG,0.0,0.0
8345.JPG,0.0,0.0
8346.JPG,0.0,0.0
8347.JPG,0.0,0.0
8348.JPG,0.0,0.0
8349.JPG,0.0,0.0
8350.JPG,0.0,0.0
8351.JPG,0.0,0.0
8352.JPG,0.0,0.0
8353.JPG,0.0,0.0
8354.JPG,0.0,0.0
8355.JPG,0.0,0.0
8356.JPG,0.0,0.0
8357.JPG,0.0,0.0
8358.JPG,0.0,0.0
8359.JPG,0.0,0.0
8360.JPG,0.0,0.0
8361.JPG,0.0,0.0
8362.JPG,0.0,0.0
8363.JPG,0.0,0.0
8364.JPG,0.0,0.0
8365.JPG,0.0,0.0
8366.JPG,0.0,0.0
8367.JPG,0.0,0.0
8368.JPG,0.0,0.0
8369.JPG,0.0,0.0
8370.JPG,0.0,0.0
8371.JPG,0.0,0.0
8372.JPG,0.0,0.0
8373.JPG,0.0,0.0
8374.JPG,0.0,0.0
8375.JPG,0.0,0.0
8376.JPG,0.0,0.0
8377.JPG,0.0,0.0
8378.JPG,0.0,0.0
8379.JPG,0.0,0.0
8380.JPG,2.0,"['{""cx"":2177,""cy"":1482,""r"":74}', '{""cx"":2359,""cy"":1488,""r"":71}']"
8381.JPG,0.0,0.0
8382.JPG,0.0,0.0
8383.JPG,0.0,0.0
8384.JPG,0.0,0.0
8385.JPG,0.0,0.0
8386.JPG,0.0,0.0
8387.JPG,0.0,0.0
8388.JPG,0.0,0.0
8389.JPG,0.0,0.0
8390.JPG,0.0,0.0
8391.JPG,0.0,0.0
8392.JPG,0.0,0.0
8393.JPG,0.0,0.0
8394.JPG,0.0,0.0
8395.JPG,0.0,0.0
8396.JPG,0.0,0.0
8397.JPG,0.0,0.0
8398.JPG,0.0,0.0
8399.JPG,0.0,0.0
8400.JPG,0.0,0.0
8401.JPG,0.0,0.0
8402.JPG,0.0,0.0
8403.JPG,0.0,0.0
8404.JPG,0.0,0.0
8405.JPG,0.0,0.0
8406.jpg,4.0,"['{""cx"":3193,""cy"":1598,""r"":71}', '{""cx"":2102,""cy"":110,""r"":60.905}', '{""cx"":2172,""cy"":87,""r"":54.068}', '{""cx"":2560,""cy"":342,""r"":97}']"
8407.JPG,0.0,0.0
8408.JPG,0.0,0.0
8409.JPG,0.0,0.0
8410.JPG,0.0,0.0
8411.JPG,0.0,0.0
8412.jpg,0.0,0.0
8413.JPG,0.0,0.0
8414.JPG,0.0,0.0
8415.JPG,0.0,0.0
8416.JPG,0.0,0.0
8417.JPG,0.0,0.0
8418.JPG,0.0,0.0
8419.JPG,0.0,0.0
8420.JPG,0.0,0.0
8421.JPG,0.0,0.0
8422.JPG,0.0,0.0
8423.JPG,0.0,0.0
8424.JPG,0.0,0.0
8425.JPG,0.0,0.0
8426.JPG,0.0,0.0
8427.JPG,0.0,0.0
8428.JPG,0.0,0.0
8429.JPG,0.0,0.0
8430.JPG,0.0,0.0
8431.JPG,0.0,0.0
8432.JPG,0.0,0.0
8433.JPG,0.0,0.0
8434.JPG,0.0,0.0
8435.JPG,0.0,0.0
8436.JPG,0.0,0.0
8437.JPG,0.0,0.0
8438.JPG,0.0,0.0
8439.JPG,0.0,0.0
8440.JPG,0.0,0.0
8441.JPG,0.0,0.0
8442.JPG,0.0,0.0
8443.JPG,0.0,0.0
8444.JPG,0.0,0.0
8445.JPG,0.0,0.0
8446.JPG,0.0,0.0
8447.JPG,0.0,0.0
8448.JPG,0.0,0.0
8449.JPG,0.0,0.0
8450.JPG,0.0,0.0
8451.JPG,0.0,0.0
8452.JPG,0.0,0.0
8453.JPG,0.0,0.0
8454.JPG,0.0,0.0
8455.JPG,0.0,0.0
8456.JPG,0.0,0.0
8457.JPG,0.0,0.0
8458.JPG,0.0,0.0
8459.JPG,0.0,0.0
8460.JPG,0.0,0.0
8461.JPG,0.0,0.0
8462.JPG,0.0,0.0
8463.JPG,0.0,0.0
8464.JPG,1.0,"['{""cx"":2570,""cy"":938,""r"":77}']"
8465.JPG,0.0,0.0
8466.JPG,0.0,0.0
8467.JPG,0.0,0.0
8468.JPG,0.0,0.0
8469.JPG,0.0,0.0
8470.JPG,0.0,0.0
8471.JPG,0.0,0.0
8472.JPG,0.0,0.0
8473.JPG,0.0,0.0
8474.JPG,0.0,0.0
8475.JPG,0.0,0.0
8476.JPG,0.0,0.0
8477.JPG,0.0,0.0
8478.JPG,0.0,0.0
8479.JPG,0.0,0.0
8480.JPG,0.0,0.0
8481.JPG,0.0,0.0
8482.JPG,0.0,0.0
8483.JPG,0.0,0.0
8484.JPG,0.0,0.0
8485.JPG,0.0,0.0
8486.JPG,0.0,0.0
8487.JPG,0.0,0.0
8488.JPG,0.0,0.0
8489.JPG,0.0,0.0
8490.JPG,0.0,0.0
8491.JPG,0.0,0.0
8492.JPG,0.0,0.0
8493.JPG,0.0,0.0
8494.JPG,0.0,0.0
8495.JPG,0.0,0.0
8496.JPG,0.0,0.0
8497.JPG,0.0,0.0
8498.JPG,0.0,0.0
8499.JPG,0.0,0.0
8500.JPG,0.0,0.0
8501.JPG,0.0,0.0
8502.JPG,0.0,0.0
8503.JPG,0.0,0.0
8504.JPG,0.0,0.0
8505.JPG,0.0,0.0
8506.JPG,0.0,0.0
8507.JPG,2.0,"['{""cx"":2869,""cy"":1167,""r"":82}', '{""cx"":2973,""cy"":1250,""r"":86}']"
8508.JPG,0.0,0.0
8509.JPG,0.0,0.0
8510.JPG,0.0,0.0
8511.JPG,0.0,0.0
8512.JPG,0.0,0.0
8513.JPG,0.0,0.0
8514.JPG,0.0,0.0
8515.JPG,0.0,0.0
8516.JPG,0.0,0.0
8517.JPG,0.0,0.0
8518.JPG,0.0,0.0
8519.JPG,0.0,0.0
8520.JPG,0.0,0.0
8521.JPG,0.0,0.0
8522.JPG,0.0,0.0
8523.JPG,0.0,0.0
8524.JPG,0.0,0.0
8525.JPG,0.0,0.0
8526.JPG,0.0,0.0
8527.JPG,0.0,0.0
8528.JPG,0.0,0.0
8529.JPG,0.0,0.0
8530.JPG,0.0,0.0
8531.JPG,0.0,0.0
8532.JPG,0.0,0.0
8533.JPG,0.0,0.0
8534.JPG,0.0,0.0
8535.JPG,0.0,0.0
8536.JPG,0.0,0.0
8537.JPG,0.0,0.0
8538.JPG,0.0,0.0
8539.JPG,0.0,0.0
8540.JPG,0.0,0.0
8541.JPG,0.0,0.0
8542.JPG,0.0,0.0
8543.JPG,0.0,0.0
8544.JPG,0.0,0.0
8545.JPG,0.0,0.0
8546.JPG,0.0,0.0
8547.JPG,0.0,0.0
8548.JPG,0.0,0.0
8549.JPG,0.0,0.0
8550.JPG,0.0,0.0
8551.JPG,0.0,0.0
8552.JPG,0.0,0.0
8553.JPG,0.0,0.0
8554.JPG,0.0,0.0
8555.JPG,0.0,0.0
8556.JPG,0.0,0.0
8557.JPG,0.0,0.0
8558.JPG,0.0,0.0
8559.JPG,0.0,0.0
8560.JPG,0.0,0.0
8561.JPG,0.0,0.0
8562.JPG,0.0,0.0
8563.JPG,0.0,0.0
8564.JPG,0.0,0.0
8565.JPG,0.0,0.0
8566.JPG,0.0,0.0
8567.jpg,0.0,0.0
8568.JPG,0.0,0.0
8569.JPG,0.0,0.0
8570.JPG,0.0,0.0
8571.JPG,0.0,0.0
8572.JPG,0.0,0.0
8573.JPG,0.0,0.0
8574.JPG,0.0,0.0
8575.JPG,0.0,0.0
8576.JPG,0.0,0.0
8577.JPG,0.0,0.0
8578.JPG,0.0,0.0
8579.JPG,0.0,0.0
8580.JPG,0.0,0.0
8581.JPG,0.0,0.0
8582.JPG,0.0,0.0
8583.JPG,0.0,0.0
8584.JPG,0.0,0.0
8585.JPG,0.0,0.0
8586.JPG,0.0,0.0
8587.JPG,0.0,0.0
8588.JPG,0.0,0.0
8589.JPG,0.0,0.0
8590.JPG,0.0,0.0
8591.JPG,0.0,0.0
8592.JPG,0.0,0.0
8593.JPG,0.0,0.0
8594.JPG,0.0,0.0
8595.JPG,0.0,0.0
8596.JPG,0.0,0.0
8597.JPG,0.0,0.0
